date,deposits,loans,securities,reserves,fed_funds,credit_spread,vix,treasury_10y,treasury_3m
2000-01-07,3466.1734,3371.816,816.9529,,5.61,,21.72,6.52,5.38
2000-01-14,3473.2489,3382.3134,816.9529,,5.56,,19.66,6.69,5.41
2000-01-21,3488.6608,3397.4745,816.9529,,5.36,,20.82,6.79,5.47
2000-01-28,3489.8953,3401.3305,816.9529,,5.58,,26.14,6.66,5.65
2000-02-04,3488.8507,3409.4033,817.4825,,5.7,,21.54,6.53,5.67
2000-02-11,3491.4501,3407.4895,817.4825,,5.71,,24.42,6.63,5.66
2000-02-18,3489.9929,3419.327,817.4825,,5.7,,26.0,6.49,5.75
2000-02-25,3505.6688,3425.9919,817.4825,,5.73,,25.2,6.36,5.79
2000-03-03,3531.8945,3442.0484,822.1436,,5.72,,19.21,6.39,5.79
2000-03-10,3505.1339,3444.3229,822.1436,,5.75,,21.24,6.39,5.87
2000-03-17,3541.4603,3466.3284,822.1436,,5.76,,22.37,6.2,5.89
2000-03-24,3532.4393,3475.0551,822.1436,,5.98,,23.31,6.2,5.91
2000-03-31,3500.3946,3460.6278,822.1436,,6.17,,24.11,6.03,5.88
2000-04-07,3545.9092,3477.0411,819.3471,,5.95,,24.39,5.86,5.9
2000-04-14,3539.924,3486.2567,819.3471,,6.08,,33.49,5.85,5.81
2000-04-21,3564.6706,3498.5679,819.3471,,5.94,,25.85,5.99,5.79
2000-04-28,3573.3031,3510.5847,819.3471,,6.06,,26.2,6.23,5.82
2000-05-05,3564.4485,3522.9838,819.4602,,5.94,,27.53,6.51,5.97
2000-05-12,3574.7697,3530.3915,819.4602,,6.11,,26.05,6.51,6.14
2000-05-19,3565.5772,3538.2887,819.4602,,6.51,,25.44,6.51,5.89
2000-05-26,3578.0899,3551.5321,819.4602,,6.4,,24.47,6.33,5.83
2000-06-02,3581.5913,3553.672,819.761,,6.44,,21.48,6.15,5.87
2000-06-09,3594.316,3560.7554,819.761,,6.47,,22.14,6.13,5.92
2000-06-16,3600.1901,3565.398,819.761,,6.46,,20.5,5.99,5.83
2000-06-23,3605.4603,3589.2115,819.761,,6.51,,22.34,6.19,5.86
2000-06-30,3575.9561,3581.6463,819.761,,6.86,,19.54,6.03,5.88
2000-07-07,3625.2205,3586.8684,820.176,,6.42,,19.22,6.01,6.04
2000-07-14,3613.6725,3589.3747,820.176,,6.51,,19.32,6.1,6.17
2000-07-21,3620.2794,3597.7131,820.176,,6.51,,18.94,6.01,6.13
2000-07-28,3639.4158,3607.602,820.176,,6.44,,20.84,6.04,6.2
2000-08-04,3634.0701,3610.7656,810.6249,,6.44,,18.62,5.91,6.23
2000-08-11,3649.9711,3616.9955,810.6249,,6.5,,18.55,5.79,6.29
2000-08-18,3655.4812,3626.1336,810.6249,,6.44,,17.05,5.78,6.27
2000-08-25,3670.7804,3635.2656,810.6249,,6.54,,16.53,5.73,6.31
2000-09-01,3635.4559,3627.2585,806.3099,,6.52,,17.53,5.68,6.27
2000-09-08,3684.5348,3637.5317,806.3099,,6.5,,18.46,5.73,6.14
2000-09-15,3659.9059,3626.6952,806.3099,,6.55,,18.52,5.84,6.14
2000-09-22,3678.4547,3656.5437,806.3099,,6.48,,20.74,5.85,6.16
2000-09-29,3650.2981,3654.2143,806.3099,,6.6,,20.57,5.8,6.23
2000-10-06,3671.4879,3643.9405,796.435,,6.43,,22.71,5.82,6.24
2000-10-13,3681.4301,3642.4271,796.435,,6.46,,27.6,5.73,6.19
2000-10-20,3662.576,3647.8388,796.435,,6.5,,24.24,5.64,6.31
2000-10-27,3686.8067,3653.7599,796.435,,6.51,,26.47,5.72,6.35
2000-11-03,3690.8345,3662.1612,787.4048,,6.48,,23.67,5.83,6.38
2000-11-10,3665.2561,3656.5435,787.4048,,6.48,,28.53,5.82,6.37
2000-11-17,3674.8577,3669.2825,787.4048,,6.48,,24.81,5.71,6.35
2000-11-24,3691.2722,3674.3723,787.4048,,6.49,,26.0,5.63,6.36
2000-12-01,3643.9492,3674.2434,789.6509,,6.6,,27.48,5.52,6.23
2000-12-08,3697.7367,3683.2331,789.6509,,6.47,,22.41,5.35,6.09
2000-12-15,3702.109,3677.3637,789.6509,,6.58,,26.55,5.2,6.02
2000-12-22,3721.296,3695.2784,789.6509,,6.44,,27.55,5.02,5.27
2000-12-29,3739.9926,3704.0429,789.6509,,5.41,,26.85,5.12,5.89
2001-01-05,3778.2642,3700.6534,791.3341,,5.83,,28.67,4.93,5.12
2001-01-12,3757.3355,3699.0269,791.3341,,5.98,,24.56,5.25,5.33
2001-01-19,3764.9345,3708.2117,791.3341,,5.92,,23.24,5.19,5.24
2001-01-26,3736.6136,3717.9353,791.3341,,5.96,,22.57,5.29,5.17
2001-02-02,3765.2486,3722.2484,779.142,,5.5,,21.95,5.17,5.06
2001-02-09,3751.8459,3712.4618,779.142,,5.44,,22.03,5.03,5.06
2001-02-16,3761.0668,3714.7053,779.142,,5.46,,22.12,5.11,5.02
2001-02-23,3781.6754,3725.8126,779.142,,5.46,,27.21,5.1,4.89
2001-03-02,3801.5156,3740.8767,767.9095,,5.52,,27.43,4.95,4.84
2001-03-09,3783.9516,3735.8246,767.9095,,5.42,,25.62,4.95,4.72
2001-03-16,3811.9459,3727.3678,767.9095,,5.4,,29.91,4.78,4.54
2001-03-23,3790.4753,3740.0765,767.9095,,4.94,,30.45,4.8,4.29
2001-03-30,3818.121,3740.6056,767.9095,,5.29,,28.64,4.93,4.3
2001-04-06,3840.0973,3736.259,768.7444,,4.94,,31.69,4.89,3.94
2001-04-13,3837.1071,3744.9753,768.7444,,5.01,,26.12,5.17,4.01
2001-04-20,3842.6441,3749.7479,768.7444,,4.38,,25.38,5.29,3.77
2001-04-27,3859.6778,3754.8167,768.7444,,4.51,,24.02,5.34,3.85
2001-05-04,3836.1212,3760.1688,770.8579,,4.41,,23.91,5.21,3.74
2001-05-11,3838.1166,3756.0218,770.8579,,4.47,,23.54,5.51,3.78
2001-05-18,3864.2854,3759.9708,770.8579,,3.95,,21.23,5.41,3.61
2001-05-25,3888.0469,3759.1667,770.8579,,3.94,,20.6,5.52,3.66
2001-06-01,3889.4814,3762.651,771.3827,,4.14,,21.59,5.39,3.67
2001-06-08,3878.3954,3756.1679,771.3827,,4.02,,19.92,5.38,3.64
2001-06-15,3884.2285,3744.778,771.3827,,3.94,,22.81,5.27,3.52
2001-06-22,3875.0463,3746.9635,771.3827,,3.98,,20.02,5.14,3.45
2001-06-29,3880.8929,3755.0534,771.3827,,3.95,,19.06,5.42,3.65
2001-07-06,3912.013,3737.4156,779.3061,,3.6,,21.63,5.41,3.63
2001-07-13,3885.7508,3735.9147,779.3061,,3.75,,21.14,5.27,3.62
2001-07-20,3874.8729,3740.5722,779.3061,,3.8,,22.34,5.15,3.53
2001-07-27,3903.1627,3739.6072,779.3061,,3.75,,22.0,5.13,3.55
2001-08-03,3929.1697,3737.2815,791.5051,,3.69,,19.89,5.2,3.52
2001-08-10,3899.4589,3718.9879,791.5051,,3.7,,20.55,4.99,3.43
2001-08-17,3906.3691,3726.1628,791.5051,,3.66,,23.84,4.84,3.36
2001-08-24,3908.1958,3725.3282,791.5051,,3.51,,19.71,4.93,3.42
2001-08-31,3897.7,3724.6065,791.5051,,3.66,,24.92,4.85,3.37
2001-09-07,3963.536,3730.5165,805.1395,,3.44,,30.99,4.8,3.27
2001-09-14,4206.6101,3875.7538,805.1395,,3.13,,31.84,4.57,2.64
2001-09-21,4023.2354,3782.6305,805.1395,,3.11,,42.66,4.7,2.25
2001-09-28,3970.2887,3763.21,805.1395,,2.75,,31.93,4.6,2.4
2001-10-05,3987.3196,3756.4313,824.218,,2.42,,33.39,4.52,2.19
2001-10-12,3986.4164,3740.5715,824.218,,2.39,,35.27,4.68,2.25
2001-10-19,3968.998,3745.9629,824.218,,2.47,,34.11,4.63,2.19
2001-10-26,3993.5068,3734.0267,824.218,,2.51,,28.42,4.53,2.14
2001-11-02,4016.2412,3739.2695,838.3783,,2.43,,30.71,4.37,2.01
2001-11-09,3991.5983,3744.2272,838.3783,,1.98,,27.44,4.34,1.83
2001-11-16,4062.9722,3750.5268,838.3783,,1.98,,25.07,4.91,1.95
2001-11-23,4031.9769,3760.2119,838.3783,,1.88,,23.25,5.04,1.95
2001-11-30,4010.6727,3757.5131,838.3783,,2.06,,23.84,4.78,1.78
2001-12-07,4068.491,3770.9621,859.2596,,1.92,,23.49,5.2,1.69
2001-12-14,4082.6246,3781.9714,859.2596,,1.88,,24.63,5.24,1.73
2001-12-21,4070.0519,3760.3856,859.2596,,1.78,,22.5,5.12,1.71
2001-12-28,4087.5757,3754.3686,859.2596,,1.54,,21.4,5.15,1.72
2002-01-04,4084.6034,3750.4941,845.1627,,1.61,,20.45,5.18,1.72
2002-01-11,4092.6842,3752.0132,845.1627,,1.71,,22.6,4.92,1.58
2002-01-18,4066.3494,3744.5014,845.1627,,1.71,,22.52,4.94,1.62
2002-01-25,4113.7679,3743.6554,845.1627,,1.78,,21.01,5.1,1.72
2002-02-01,4100.6612,3740.438,835.853,,1.77,,21.12,5.02,1.76
2002-02-08,4119.082,3757.5876,835.853,,1.69,,23.26,4.9,1.73
2002-02-15,4122.2816,3753.9675,835.853,,1.73,,22.37,4.86,1.74
2002-02-22,4134.6212,3764.7725,835.853,,1.71,,22.86,4.84,1.76
2002-03-01,4119.2609,3755.6112,850.7212,,1.78,,19.96,4.98,1.77
2002-03-08,4124.9787,3744.9658,850.7212,,1.69,,19.27,5.33,1.81
2002-03-15,4129.4628,3743.9563,850.7212,,1.8,,18.42,5.35,1.86
2002-03-22,4134.7879,3759.1048,850.7212,,1.68,,17.77,5.4,1.84
2002-03-29,4168.8596,3764.1998,850.7212,,1.74,,17.4,5.42,1.79
2002-04-05,4148.2083,3755.8016,860.5174,,1.7,,19.13,5.22,1.76
2002-04-12,4150.1352,3757.322,860.5174,,1.79,,19.42,5.18,1.71
2002-04-19,4140.7609,3754.9342,860.5174,,1.67,,18.3,5.21,1.73
2002-04-26,4134.185,3759.7927,860.5174,,1.79,,22.14,5.08,1.75
2002-05-03,4165.3791,3745.5885,869.8413,,1.73,,20.19,5.08,1.76
2002-05-10,4158.8461,3742.3372,869.8413,,1.74,,22.41,5.15,1.77
2002-05-17,4185.1842,3748.1592,869.8413,,1.7,,17.7,5.27,1.76
2002-05-24,4173.24,3749.8089,869.8413,,1.75,,18.9,5.16,1.74
2002-05-31,4157.9482,3753.3185,869.8413,,1.79,,19.98,5.08,1.74
2002-06-07,4158.8906,3755.5252,888.5592,,1.73,,23.51,5.1,1.74
2002-06-14,4161.9554,3763.8467,888.5592,,1.75,,25.96,4.83,1.71
2002-06-21,4167.25,3772.4421,888.5592,,1.74,,27.23,4.79,1.72
2002-06-28,4206.0416,3778.5956,888.5592,,1.73,,25.4,4.86,1.7
2002-07-05,4194.9527,3768.8289,907.2814,,1.72,,27.11,4.9,1.72
2002-07-12,4189.9846,3769.2516,907.2814,,1.71,,32.94,4.63,1.71
2002-07-19,4214.8959,3777.4189,907.2814,,1.72,,38.17,4.61,1.71
2002-07-26,4228.9923,3789.8653,907.2814,,1.69,,35.51,4.43,1.69
2002-08-02,4229.8817,3787.4804,935.3872,,1.72,,41.29,4.33,1.63
2002-08-09,4228.8944,3794.2405,935.3872,,1.68,,35.33,4.27,1.62
2002-08-16,4254.479,3807.9041,935.3872,,1.7,,28.81,4.32,1.62
2002-08-23,4249.0452,3816.8333,935.3872,,1.72,,29.32,4.25,1.65
2002-08-30,4254.1072,3831.5785,935.3872,,1.81,,32.64,4.14,1.69
2002-09-06,4294.0199,3837.987,957.0478,,1.71,,36.33,4.05,1.66
2002-09-13,4258.67,3840.3038,957.0478,,1.72,,35.82,3.92,1.69
2002-09-20,4266.8854,3853.6523,957.0478,,1.7,,38.98,3.79,1.65
2002-09-27,4265.2209,3857.1996,957.0478,,1.78,,36.97,3.69,1.63
2002-10-04,4324.4393,3885.5208,979.428,,1.72,,39.46,3.69,1.61
2002-10-11,4298.5076,3895.8608,979.428,,1.73,,35.7,3.83,1.58
2002-10-18,4346.9036,3910.2083,979.428,,1.71,,33.53,4.14,1.67
2002-10-25,4342.2131,3906.3825,979.428,,1.82,,30.0,4.12,1.64
2002-11-01,4345.6459,3912.2386,1003.7789,,1.74,,29.3,4.01,1.43
2002-11-08,4345.3161,3922.4935,1003.7789,,1.18,,29.41,3.85,1.22
2002-11-15,4367.888,3938.5524,1003.7789,,1.35,,26.65,4.05,1.22
2002-11-22,4337.0174,3934.4366,1003.7789,,1.25,,23.16,4.18,1.23
2002-11-29,4387.9274,3953.0747,1003.7789,,1.23,,27.5,4.22,1.22
2002-12-06,4359.9023,3957.732,1028.9127,,1.21,,28.88,4.09,1.21
2002-12-13,4351.8121,3976.1389,1028.9127,,1.25,,28.18,4.07,1.21
2002-12-20,4337.6965,3970.6428,1028.9127,9028.0,1.26,,26.71,3.97,1.21
2002-12-27,4376.9993,3972.7947,1028.9127,11876.0,1.2,,29.55,3.83,1.16
2003-01-03,4332.2338,3964.0658,1031.1203,10667.0,1.12,,24.68,4.05,1.22
2003-01-10,4343.3483,3977.5753,1031.1203,7859.0,1.25,,24.32,4.16,1.2
2003-01-17,4381.2673,3975.2051,1031.1203,9606.0,1.2,,25.7,4.05,1.18
2003-01-24,4392.7893,3982.658,1031.1203,12337.0,1.21,,31.51,3.94,1.16
2003-01-31,4390.0941,3985.5589,1031.1203,7139.0,1.33,,31.17,4.0,1.18
2003-02-07,4428.5673,3990.6679,1050.1564,11650.0,1.21,,34.01,3.96,1.17
2003-02-14,4417.9594,4000.7291,1050.1564,6254.0,1.3,,32.62,3.95,1.18
2003-02-21,4415.6661,4005.363,1050.1564,12588.0,1.21,,30.25,3.9,1.19
2003-02-28,4403.9304,4005.6156,1050.1564,8084.0,1.33,,29.63,3.71,1.2
2003-03-07,4447.5794,4012.2759,1056.5485,13468.0,1.2,,31.08,3.63,1.12
2003-03-14,4441.5757,4022.5188,1056.5485,5511.0,1.3,,30.98,3.72,1.13
2003-03-21,4437.2114,4014.6566,1056.5485,13478.0,1.2,,28.67,4.11,1.18
2003-03-28,4434.5204,4006.4014,1056.5485,6341.0,1.26,,27.75,3.92,1.14
2003-04-04,4449.6117,4029.9254,1076.9844,13314.0,1.22,,29.13,3.96,1.11
2003-04-11,4411.6657,4043.7726,1076.9844,5725.0,1.24,,24.44,4.0,1.17
2003-04-18,4435.0915,4048.881,1076.9844,13164.0,1.24,,21.5,3.98,1.18
2003-04-25,4456.4238,4047.1962,1076.9844,8290.0,1.28,,20.8,3.91,1.14
2003-05-02,4513.7356,4052.8194,1110.0924,15422.0,1.24,,20.63,3.94,1.12
2003-05-09,4473.8976,4075.1943,1110.0924,6756.0,1.24,,19.69,3.69,1.11
2003-05-16,4509.8756,4079.1519,1110.0924,12795.0,1.26,,18.4,3.46,1.05
2003-05-23,4487.2897,4073.6008,1110.0924,10464.0,1.21,,19.17,3.34,1.08
2003-05-30,4509.335,4072.8739,1110.0924,15770.0,1.28,,19.47,3.37,1.11
2003-06-06,4515.4311,4078.4171,1131.9952,11994.0,1.24,,21.25,3.37,1.05
2003-06-13,4532.6495,4090.8216,1131.9952,10099.0,1.24,,20.66,3.13,0.86
2003-06-20,4530.9057,4090.1517,1131.9952,10204.0,1.23,,19.14,3.4,0.83
2003-06-27,4562.806,4087.8112,1131.9952,13382.0,1.08,,19.16,3.58,0.87
2003-07-04,4570.2015,4121.4283,1100.5631,12845.0,0.96,,19.39,3.67,0.87
2003-07-11,4560.9569,4123.9842,1100.5631,10082.0,0.98,,18.47,3.66,0.89
2003-07-18,4587.4671,4125.8787,1100.5631,11134.0,0.99,,19.11,4.0,0.91
2003-07-25,4599.2179,4126.5816,1100.5631,14210.0,1.03,,17.75,4.22,0.93
2003-08-01,4592.3143,4139.3271,1067.4581,10751.0,1.0,,20.75,4.44,0.95
2003-08-08,4623.5172,4158.9439,1067.4581,13477.0,0.96,,19.59,4.27,0.96
2003-08-15,4637.1846,4160.8809,1067.4581,8007.0,1.39,,18.27,4.55,0.95
2003-08-22,4612.4184,4164.5016,1067.4581,21955.0,0.99,,18.55,4.48,0.98
2003-08-29,4604.954,4156.9382,1067.4581,12019.0,1.01,,18.63,4.45,0.98
2003-09-05,4638.8058,4171.8903,1064.0419,16316.0,0.96,,18.17,4.35,0.96
2003-09-12,4587.2976,4177.5241,1064.0419,8538.0,1.02,,18.68,4.27,0.96
2003-09-19,4604.5425,4169.5959,1064.0419,14516.0,0.99,,17.54,4.17,0.95
2003-09-26,4604.319,4144.3197,1064.0419,9141.0,1.03,,22.23,4.04,0.94
2003-10-03,4623.9156,4141.9934,1089.3261,17128.0,0.99,,19.5,4.21,0.94
2003-10-10,4558.654,4134.405,1089.3261,7138.0,1.0,,18.45,4.29,0.92
2003-10-17,4600.1639,4134.7606,1089.3261,12588.0,0.98,,17.62,4.41,0.93
2003-10-24,4581.2205,4102.8686,1089.3261,10373.0,1.01,,17.71,4.24,0.95
2003-10-31,4559.8437,4094.6152,1089.3261,16292.0,1.03,,16.1,4.33,0.96
2003-11-07,4592.8264,4128.795,1100.7224,12259.0,0.98,,16.93,4.48,0.96
2003-11-14,4628.1907,4134.9001,1100.7224,9419.0,0.98,,16.94,4.22,0.95
2003-11-21,4571.2113,4119.7685,1100.7224,12226.0,0.98,,18.98,4.15,0.94
2003-11-28,4629.0106,4123.4057,1100.7224,12030.0,1.01,,16.32,4.34,0.93
2003-12-05,4597.7074,4113.875,1114.642,12668.0,0.98,,17.09,4.23,0.92
2003-12-12,4625.5407,4124.1731,1114.642,10144.0,0.99,,16.41,4.26,0.91
2003-12-19,4620.1114,4190.7593,1114.642,9675.0,0.98,,16.42,4.15,0.88
2003-12-26,4649.0043,4187.7521,1114.642,11893.0,0.97,,17.45,4.17,0.87
2004-01-02,4629.5305,4193.8687,1108.8325,10686.0,1.01,,18.22,4.38,0.93
2004-01-09,4646.0538,4195.0012,1108.8325,9839.0,0.99,,16.75,4.11,0.87
2004-01-16,4658.8838,4194.009,1108.8325,7855.0,0.98,,15.0,4.04,0.89
2004-01-23,4658.7827,4206.4254,1108.8325,16761.0,1.0,,14.84,4.09,0.9
2004-01-30,4670.3353,4210.6947,1108.8325,9687.0,1.03,,16.63,4.16,0.92
2004-02-06,4690.0131,4211.5672,1156.1849,13274.0,0.99,,16.0,4.12,0.93
2004-02-13,4700.8515,4221.7673,1156.1849,7469.0,1.01,,15.58,4.05,0.92
2004-02-20,4724.6218,4244.6246,1156.1849,11844.0,0.99,,16.04,4.1,0.94
2004-02-27,4710.1482,4238.0727,1156.1849,9502.0,1.04,,14.55,3.99,0.96
2004-03-05,4749.4353,4243.6005,1189.1273,15018.0,1.0,,14.48,3.85,0.94
2004-03-12,4747.9472,4253.3718,1189.1273,9365.0,0.99,,18.3,3.78,0.96
2004-03-19,4764.7001,4263.9632,1189.1273,14588.0,0.99,,19.15,3.8,0.94
2004-03-26,4798.2608,4274.8301,1189.1273,9339.0,1.0,,17.33,3.85,0.95
2004-04-02,4793.8814,4290.2748,1188.0322,14803.0,1.0,,15.64,4.15,0.95
2004-04-09,4799.3959,4300.606,1188.0322,9757.0,1.01,,16.26,4.21,0.93
2004-04-16,4821.3029,4323.4273,1188.0322,14601.0,0.99,,14.94,4.37,0.94
2004-04-23,4825.6097,4328.6181,1188.0322,14021.0,0.99,,14.01,4.48,0.98
2004-04-30,4832.8567,4335.1475,1188.0322,18223.0,1.03,,17.19,4.53,0.98
2004-05-07,4890.5347,4346.5771,1177.9511,13025.0,0.99,,18.13,4.79,1.07
2004-05-14,4905.1087,4364.0573,1177.9511,13493.0,1.02,,18.47,4.79,0.99
2004-05-21,4907.7507,4378.7208,1177.9511,14219.0,0.99,,18.49,4.76,1.03
2004-05-28,4913.166,4380.1876,1177.9511,15726.0,1.02,,15.5,4.66,1.08
2004-06-04,4916.5268,4387.5344,1180.329,15312.0,0.99,,16.78,4.78,1.21
2004-06-11,4939.9297,4397.3892,1180.329,11799.0,1.0,,15.04,4.81,1.3
2004-06-18,4930.0565,4407.3166,1180.329,12032.0,1.0,,14.99,4.72,1.29
2004-06-25,4962.1687,4410.1404,1180.329,14372.0,1.05,,15.19,4.66,1.31
2004-07-02,4937.6853,4413.6838,1178.7803,14753.0,1.25,,15.08,4.48,1.3
2004-07-09,4977.644,4421.6729,1178.7803,10724.0,1.24,,15.78,4.49,1.28
2004-07-16,4991.8096,4435.5417,1178.7803,11664.0,1.24,,14.34,4.38,1.35
2004-07-23,4995.3835,4439.2326,1178.7803,14245.0,1.25,,16.5,4.45,1.38
2004-07-30,4993.9542,4434.0138,1178.7803,12113.0,1.29,,15.32,4.5,1.45
2004-08-06,5002.4994,4435.9868,1178.1213,16333.0,1.32,,19.34,4.24,1.44
2004-08-13,5005.3108,4450.413,1178.1213,11190.0,1.48,,17.98,4.22,1.44
2004-08-20,4982.229,4459.2542,1178.1213,9619.0,1.5,,16.0,4.24,1.49
2004-08-27,5022.4203,4478.377,1178.1213,10916.0,1.52,,14.71,4.23,1.56
2004-09-03,5035.0438,4484.7941,1177.5013,16991.0,1.48,,13.91,4.3,1.65
2004-09-10,5031.1293,4483.3394,1177.5013,10128.0,1.48,,13.76,4.19,1.66
2004-09-17,5059.0357,4503.6055,1177.5013,13700.0,1.58,,14.03,4.14,1.71
2004-09-24,5052.6147,4517.7244,1177.5013,13386.0,1.76,,14.28,4.04,1.73
2004-10-01,5026.4353,4516.6886,1163.0958,14990.0,1.86,,12.75,4.21,1.71
2004-10-08,5048.0469,4516.4027,1163.0958,10631.0,1.71,,15.05,4.15,1.71
2004-10-15,5065.7466,4525.9966,1163.0958,11175.0,1.79,,15.04,4.07,1.76
2004-10-22,5073.0723,4540.4566,1163.0958,12733.0,1.72,,15.28,4.0,1.85
2004-10-29,5085.5308,4549.4607,1163.0958,12863.0,1.79,,16.27,4.05,1.91
2004-11-05,5095.1589,4558.619,1156.7226,12995.0,1.76,,13.84,4.21,2.03
2004-11-12,5102.1296,4570.8024,1156.7226,11377.0,2.02,,13.33,4.2,2.08
2004-11-19,5105.7779,4579.8683,1156.7226,12278.0,1.99,,13.5,4.2,2.15
2004-11-26,5158.6156,4584.2834,1156.7226,11686.0,2.01,,12.79,4.24,2.21
2004-12-03,5162.2842,4596.4414,1173.2304,11754.0,1.98,,12.96,4.27,2.21
2004-12-10,5145.7674,4604.9975,1173.2304,12606.0,2.09,,12.76,4.16,2.25
2004-12-17,5168.7697,4621.4655,1173.2304,12689.0,2.23,,11.95,4.21,2.2
2004-12-24,5170.6772,4626.5072,1173.2304,10747.0,2.27,,11.23,4.23,2.19
2004-12-31,5130.3657,4654.4047,1173.2304,9350.0,1.97,,13.29,4.24,2.22
2005-01-07,5174.9328,4666.1471,1194.1394,15515.0,2.24,,13.49,4.29,2.32
2005-01-14,5192.086,4678.2691,1194.1394,7180.0,2.29,,12.43,4.23,2.37
2005-01-21,5204.0979,4685.2042,1194.1394,17473.0,2.26,,14.36,4.16,2.36
2005-01-28,5193.2103,4685.4933,1194.1394,12624.0,2.48,,13.24,4.16,2.46
2005-02-04,5207.2214,4690.6911,1210.4247,20963.0,2.51,,11.21,4.09,2.47
2005-02-11,5206.6688,4691.0196,1210.4247,7518.0,2.5,,11.43,4.1,2.55
2005-02-18,5199.2242,4712.2013,1210.4247,12913.0,2.51,,11.18,4.27,2.61
2005-02-25,5259.5955,4738.6644,1210.4247,11391.0,2.54,,11.49,4.27,2.74
2005-03-04,5237.8292,4750.101,1205.788,16224.0,2.5,,11.94,4.32,2.76
2005-03-11,5226.4464,4759.1853,1205.788,8034.0,2.51,,12.8,4.56,2.76
2005-03-18,5255.2766,4778.9461,1205.788,14101.0,2.7,,13.14,4.51,2.81
2005-03-25,5263.8386,4791.9258,1205.788,13006.0,2.8,,13.42,4.6,2.84
2005-04-01,5254.3858,4794.5762,1190.8762,12615.0,2.83,,14.09,4.46,2.8
2005-04-08,5277.5609,4810.8284,1190.8762,12369.0,2.75,,12.62,4.5,2.79
2005-04-15,5297.6711,4814.1979,1190.8762,9731.0,2.82,,17.74,4.27,2.79
2005-04-22,5292.9471,4835.469,1190.8762,15408.0,2.74,,15.38,4.26,2.93
2005-04-29,5286.0088,4831.5532,1190.8762,14570.0,2.97,,15.31,4.21,2.9
2005-05-06,5284.7625,4821.9783,1200.1504,12956.0,2.98,,14.05,4.28,2.87
2005-05-13,5302.5546,4828.8521,1200.1504,9499.0,3.01,,16.32,4.12,2.83
2005-05-20,5286.8491,4844.6887,1200.1504,11848.0,3.01,,13.14,4.13,2.9
2005-05-27,5331.4628,4867.6821,1200.1504,13263.0,3.01,,12.15,4.08,2.97
2005-06-03,5355.3089,4873.9794,1170.7375,12840.0,2.99,,12.15,3.98,3.01
2005-06-10,5363.1104,4880.9565,1170.7375,10552.0,3.01,,11.96,4.05,3.01
2005-06-17,5378.2942,4897.7226,1170.7375,10240.0,2.99,,11.48,4.09,2.99
2005-06-24,5390.1569,4913.7606,1170.7375,11521.0,3.07,,12.18,3.92,3.09
2005-07-01,5352.7922,4912.6557,1176.9215,10799.0,3.36,,11.4,4.06,3.17
2005-07-08,5386.3366,4936.733,1176.9215,11413.0,3.22,,11.45,4.11,3.17
2005-07-15,5381.7192,4953.0763,1176.9215,7415.0,3.32,,10.33,4.18,3.26
2005-07-22,5412.5972,4985.5679,1176.9215,12934.0,3.25,,10.52,4.23,3.38
2005-07-29,5416.205,5001.8996,1176.9215,10617.0,3.31,,11.57,4.28,3.42
2005-08-05,5427.1766,5012.8759,1169.905,16201.0,3.49,,12.48,4.4,3.52
2005-08-12,5434.237,5023.4152,1169.905,9125.0,3.55,,12.74,4.24,3.52
2005-08-19,5465.461,5039.6977,1169.905,9469.0,3.54,,13.42,4.21,3.52
2005-08-26,5498.643,5054.3008,1169.905,9474.0,3.54,,13.72,4.2,3.55
2005-09-02,5496.1514,5051.4534,1165.8436,15024.0,3.49,,13.57,4.03,3.46
2005-09-09,5504.2173,5056.5284,1165.8436,9646.0,3.49,,11.98,4.14,3.49
2005-09-16,5518.2997,5068.5059,1165.8436,10800.0,3.62,,11.22,4.26,3.5
2005-09-23,5499.849,5087.2767,1165.8436,12817.0,3.76,,12.96,4.25,3.48
2005-09-30,5500.3269,5093.5026,1165.8436,14074.0,3.93,,11.92,4.34,3.55
2005-10-07,5517.8407,5096.1093,1173.1084,11300.0,3.73,,14.59,4.35,3.63
2005-10-14,5543.231,5098.8922,1173.1084,8504.0,3.77,,14.87,4.48,3.78
2005-10-21,5525.3898,5111.8929,1173.1084,11060.0,3.76,,16.13,4.39,3.87
2005-10-28,5541.8424,5123.2434,1173.1084,10202.0,3.9,,14.25,4.58,3.93
2005-11-04,5542.6734,5131.9,1153.8228,12248.0,4.0,,13.17,4.66,3.98
2005-11-11,5530.8378,5141.5846,1153.8228,7813.0,3.98,,11.63,4.55,3.97
2005-11-18,5552.61,5159.2486,1153.8228,11885.0,4.0,,11.12,4.5,4.01
2005-11-25,5583.1224,5178.3786,1153.8228,8337.0,4.03,,10.88,4.43,3.95
2005-12-02,5565.1527,5160.6179,1159.9083,10027.0,4.0,,11.01,4.52,3.99
2005-12-09,5575.3259,5193.3951,1159.9083,10698.0,4.16,,11.69,4.54,3.94
2005-12-16,5580.3212,5208.6716,1159.9083,9663.0,4.25,,10.68,4.45,3.93
2005-12-23,5602.1478,5212.8298,1159.9083,9007.0,4.21,,10.27,4.38,3.99
2005-12-30,5607.2304,5235.3783,1159.9083,9052.0,4.09,,12.07,4.39,4.08
2006-01-06,5654.8354,5230.5555,1161.0588,12589.0,4.22,,11.0,4.38,4.22
2006-01-13,5621.4203,5235.2023,1161.0588,7466.0,4.3,,11.23,4.36,4.33
2006-01-20,5628.6619,5246.5937,1161.0588,10521.0,4.24,,14.56,4.37,4.35
2006-01-27,5646.5566,5261.5887,1161.0588,9765.0,4.42,,11.97,4.52,4.45
2006-02-03,5664.6044,5270.8909,1171.9618,13196.0,4.51,,12.96,4.54,4.48
2006-02-10,5646.4134,5268.0339,1171.9618,5749.0,4.51,,12.87,4.59,4.53
2006-02-17,5680.412,5282.985,1171.9618,11260.0,4.48,,12.01,4.54,4.54
2006-02-24,5681.171,5296.6771,1171.9618,7660.0,4.48,,11.46,4.58,4.6
2006-03-03,5711.6168,5315.56,1166.3142,12791.0,4.51,,11.96,4.68,4.62
2006-03-10,5674.236,5307.1926,1166.3142,2795.0,4.51,,11.85,4.76,4.62
2006-03-17,5726.0259,5331.4109,1166.3142,15167.0,4.6,,12.12,4.68,4.64
2006-03-24,5719.2667,5345.1746,1166.3142,7114.0,4.69,,11.19,4.67,4.65
2006-03-31,5711.883,5364.2652,1166.3142,11285.0,5.0,,11.39,4.86,4.63
2006-04-07,5746.7632,5374.5835,1195.5499,10331.0,4.76,,12.26,4.97,4.69
2006-04-14,5775.491,5369.2115,1195.5499,8196.0,4.8,,12.38,5.05,4.7
2006-04-21,5772.1087,5402.3873,1195.5499,12054.0,4.74,,11.59,5.01,4.75
2006-04-28,5786.5734,5418.1938,1195.5499,9965.0,4.86,,11.59,5.07,4.77
2006-05-05,5786.4169,5424.7969,1198.1062,11932.0,4.83,,11.62,5.12,4.83
2006-05-12,5774.6543,5436.5756,1198.1062,9977.0,5.01,,14.19,5.19,4.85
2006-05-19,5770.9624,5456.3562,1198.1062,11366.0,5.0,,17.18,5.05,4.82
2006-05-26,5799.8354,5478.967,1198.1062,9997.0,4.99,,14.26,5.06,4.84
2006-06-02,5815.1815,5482.3585,1199.1412,9590.0,4.97,,14.32,5.0,4.81
2006-06-09,5800.039,5491.696,1199.1412,11328.0,5.0,,18.12,4.98,4.88
2006-06-16,5820.3967,5498.14,1199.1412,9766.0,4.94,,17.25,5.13,4.88
2006-06-23,5824.6853,5504.4474,1199.1412,9629.0,4.98,,15.89,5.23,4.98
2006-06-30,5820.2775,5512.3822,1199.1412,8678.0,5.05,,13.08,5.15,5.01
2006-07-07,5865.5726,5517.7824,1204.1785,11478.0,5.22,,13.97,5.14,5.02
2006-07-14,5863.8534,5517.8962,1204.1785,6678.0,5.26,,18.05,5.07,5.06
2006-07-21,5864.8371,5544.3286,1204.1785,10330.0,5.23,,17.4,5.05,5.1
2006-07-28,5853.092,5554.8217,1204.1785,7979.0,5.26,,14.33,5.0,5.07
2006-08-04,5861.9269,5567.1554,1212.6948,13836.0,5.25,,14.34,4.91,5.09
2006-08-11,5835.6613,5553.4452,1212.6948,6255.0,5.24,,14.3,4.97,5.07
2006-08-18,5880.4983,5585.8648,1212.6948,9099.0,5.25,,11.64,4.84,5.1
2006-08-25,5913.2847,5599.9803,1212.6948,7087.0,5.25,,12.31,4.79,5.11
2006-09-01,5879.7152,5590.5186,1207.3173,12426.0,5.25,,11.96,4.73,5.02
2006-09-08,5925.0894,5590.1373,1207.3173,10013.0,5.23,,13.16,4.78,4.93
2006-09-15,5922.2584,5572.4841,1207.3173,6616.0,5.25,,11.76,4.8,4.96
2006-09-22,5907.4332,5607.7923,1207.3173,10818.0,5.27,,12.59,4.6,4.93
2006-09-29,5905.3096,5612.817,1207.3173,9399.0,5.34,,11.98,4.64,4.89
2006-10-06,6028.0782,5706.7412,1233.207,8373.0,5.22,,11.56,4.7,4.95
2006-10-13,6030.3916,5725.9667,1233.207,8400.0,5.21,,10.75,4.81,5.05
2006-10-20,6003.2512,5731.6462,1233.207,8140.0,5.25,,10.63,4.79,5.09
2006-10-27,6023.8086,5743.6986,1233.207,7914.0,5.23,,10.8,4.68,5.11
2006-11-03,6042.6469,5752.8939,1226.7559,8902.0,5.25,,11.16,4.72,5.09
2006-11-10,6029.0992,5746.8598,1226.7559,7885.0,5.23,,10.79,4.59,5.1
2006-11-17,6066.0044,5765.1261,1226.7559,6661.0,5.2,,10.05,4.61,5.09
2006-11-24,6099.1097,5789.8968,1226.7559,8740.0,5.24,,10.73,4.55,5.04
2006-12-01,6066.6987,5807.5014,1217.9634,8931.0,5.27,,11.66,4.43,5.03
2006-12-08,6095.8382,5816.3949,1217.9634,10118.0,5.25,,12.07,4.56,4.97
2006-12-15,6098.0515,5808.5795,1217.9634,5752.0,5.27,,10.05,4.6,4.91
2006-12-22,6101.3633,5875.3808,1217.9634,8648.0,5.24,,11.36,4.63,4.99
2006-12-29,6102.9774,5878.9199,1217.9634,6867.0,5.17,,11.56,4.71,5.02
2007-01-05,6127.3684,5858.7429,1215.7665,12206.0,5.21,,12.14,4.65,5.05
2007-01-12,6120.0328,5865.5692,1215.7665,5185.0,5.22,,10.15,4.77,5.09
2007-01-19,6150.0286,5880.178,1215.7665,10161.0,5.25,,10.4,4.78,5.14
2007-01-26,6149.0331,5896.407,1215.7665,6193.0,5.26,,11.13,4.88,5.13
2007-02-02,6164.0168,5899.6693,1213.2568,13124.0,5.24,,10.08,4.83,5.14
2007-02-09,6149.8454,5901.9791,1213.2568,5436.0,5.25,,11.1,4.79,5.15
2007-02-16,6175.9317,5924.617,1213.2568,8003.0,5.24,,10.02,4.69,5.17
2007-02-23,6180.1379,5940.3041,1213.2568,7648.0,5.24,,10.58,4.68,5.18
2007-03-02,6220.4113,5933.6739,1214.6234,9378.0,5.23,,18.61,4.52,5.12
2007-03-09,6207.7579,5919.7963,1214.6234,7064.0,5.24,,14.09,4.59,5.1
2007-03-16,6177.363,5835.6932,1214.6234,8003.0,5.25,,16.79,4.55,5.04
2007-03-23,6177.9493,5862.8916,1214.6234,5262.0,5.24,,12.95,4.62,5.08
2007-03-30,6214.1202,5871.1196,1214.6234,9255.0,5.3,,14.64,4.65,5.04
2007-04-06,6250.1385,5898.7147,1200.319,9314.0,5.3,,13.23,4.76,5.05
2007-04-13,6257.8006,5915.4284,1200.319,6270.0,5.25,,12.2,4.76,5.02
2007-04-20,6266.9296,5923.256,1200.319,9728.0,5.25,,12.07,4.68,4.99
2007-04-27,6287.246,5941.0283,1200.319,7428.0,5.24,,12.45,4.71,4.95
2007-05-04,6284.9232,5950.2191,1190.2085,10169.0,5.24,,12.91,4.65,4.9
2007-05-11,6283.6533,5955.9595,1190.2085,9624.0,5.27,,12.95,4.67,4.87
2007-05-18,6293.1433,5968.2493,1190.2085,7513.0,5.24,,12.76,4.81,4.84
2007-05-25,6314.5473,5974.9834,1190.2085,9562.0,5.29,,13.34,4.86,4.88
2007-06-01,6274.8993,5993.5355,1182.4548,7223.0,5.23,,12.78,4.95,4.79
2007-06-08,6283.9755,5998.1918,1182.4548,11369.0,5.26,,14.84,5.12,4.77
2007-06-15,6278.5582,6001.4874,1182.4548,6250.0,5.26,,13.94,5.16,4.56
2007-06-22,6280.7138,6042.9017,1182.4548,10185.0,5.24,,15.75,5.14,4.73
2007-06-29,6303.1082,6045.3159,1182.4548,7197.0,5.31,,16.23,5.03,4.82
2007-07-06,6329.9598,6066.8789,1183.585,11055.0,5.22,,14.72,5.19,4.95
2007-07-13,6313.0264,6072.2971,1183.585,5211.0,5.25,,15.15,5.11,4.97
2007-07-20,6303.7122,6075.7042,1183.585,9171.0,5.25,,16.95,4.96,4.97
2007-07-27,6340.0067,6099.0352,1183.585,6215.0,5.25,,24.17,4.8,4.85
2007-08-03,6367.1755,6106.9822,1185.3777,12245.0,5.24,,25.16,4.71,4.85
2007-08-10,6353.3901,6122.7153,1185.3777,5146.0,4.68,,28.3,4.81,4.57
2007-08-17,6400.2255,6150.7747,1185.3777,23801.0,4.91,,29.99,4.68,3.76
2007-08-24,6405.0442,6194.9052,1185.3777,8096.0,5.11,,20.72,4.63,4.24
2007-08-31,6378.371,6214.5568,1185.3777,7841.0,4.96,,23.38,4.54,4.01
2007-09-07,6442.5694,6222.4682,1179.2343,5953.0,4.86,,26.23,4.38,4.07
2007-09-14,6433.165,6247.4524,1179.2343,8926.0,5.25,,24.92,4.47,4.01
2007-09-21,6444.3491,6273.861,1179.2343,5662.0,4.76,,19.0,4.64,3.74
2007-09-28,6452.8282,6295.1046,1179.2343,13425.0,4.58,,18.0,4.59,3.82
2007-10-05,6466.3929,6267.7236,1153.0118,12404.0,4.77,,16.91,4.65,4.0
2007-10-12,6481.201,6288.5184,1153.0118,7074.0,4.75,,17.73,4.7,4.2
2007-10-19,6556.0743,6360.2414,1153.0118,6969.0,4.77,,22.96,4.41,3.86
2007-10-26,6632.5848,6379.2762,1153.0118,7035.0,4.8,,19.56,4.41,3.96
2007-11-02,6656.0495,6382.0221,1142.3132,8839.0,4.28,,23.01,4.31,3.61
2007-11-09,6641.2069,6390.8846,1142.3132,8618.0,4.49,,28.5,4.23,3.27
2007-11-16,6710.6845,6398.5279,1142.3132,6221.0,4.51,,25.49,4.15,3.4
2007-11-23,6677.2733,6422.8778,1142.3132,9412.0,4.56,,25.61,4.01,3.23
2007-11-30,6644.7606,6428.1763,1142.3132,8800.0,4.66,,22.87,3.97,3.15
2007-12-07,6692.7135,6439.5947,1134.9109,9952.0,4.41,,20.85,4.12,3.12
2007-12-14,6665.1787,6440.1149,1134.9109,4451.0,4.24,,23.27,4.24,2.88
2007-12-21,6663.8027,6466.7393,1134.9109,8685.0,4.28,,18.47,4.18,3.0
2007-12-28,6684.2191,6486.2877,1134.9109,5674.0,4.01,,20.74,4.11,3.18
2008-01-04,6696.2813,6511.9748,1122.3592,13029.0,4.18,,23.94,3.88,3.2
2008-01-11,6683.163,6509.0682,1122.3592,4149.0,4.23,,23.68,3.82,3.09
2008-01-18,6696.6427,6504.2828,1122.3592,11626.0,4.17,,27.18,3.66,2.86
2008-01-25,6725.4765,6538.4541,1122.3592,6481.0,3.6,,29.08,3.61,2.3
2008-02-01,6727.9676,6542.5341,1122.573,12402.0,3.12,,24.02,3.62,2.1
2008-02-08,6772.0187,6534.7251,1122.573,8999.0,3.05,,28.01,3.64,2.23
2008-02-15,6778.405,6542.0471,1122.573,5583.0,2.97,,25.02,3.76,2.21
2008-02-22,6791.9786,6575.4774,1122.573,10523.0,2.97,,24.06,3.79,2.2
2008-02-29,6759.4958,6586.5697,1122.573,8006.0,3.01,,26.54,3.53,1.85
2008-03-07,6811.7333,6587.0661,1130.6562,10019.0,2.96,,27.49,3.56,1.45
2008-03-14,6831.9553,6591.4069,1130.6562,7487.0,2.99,,31.16,3.44,1.18
2008-03-21,6851.4357,6628.5923,1130.6562,15836.0,2.08,,26.62,3.34,0.63
2008-03-28,6829.4228,6625.2986,1130.6562,6014.0,2.09,,25.71,3.47,1.33
2008-04-04,6842.1648,6615.1709,1121.4477,12639.0,2.26,,22.45,3.5,1.35
2008-04-11,6844.2189,6620.5934,1121.4477,6742.0,2.37,,23.46,3.49,1.19
2008-04-18,6870.0244,6640.3922,1121.4477,8244.0,2.32,,20.13,3.77,1.35
2008-04-25,6879.8511,6638.1622,1121.4477,10668.0,2.28,,19.59,3.91,1.34
2008-05-02,6822.6867,6643.1439,1131.557,9128.0,1.88,,18.18,3.89,1.5
2008-05-09,6795.3782,6630.3959,1131.557,11713.0,1.97,,19.41,3.77,1.69
2008-05-16,6836.9825,6630.1548,1131.557,8609.0,1.91,,16.47,3.85,1.84
2008-05-23,6852.5114,6633.9628,1131.557,11440.0,1.99,,19.55,3.85,1.86
2008-05-30,6840.3822,6613.9281,1131.557,12478.0,1.98,,17.83,4.06,1.89
2008-06-06,6847.9066,6603.3412,1144.6369,12099.0,2.01,,23.56,3.94,1.85
2008-06-13,6861.2763,6615.8194,1144.6369,6511.0,2.02,,21.22,4.27,1.99
2008-06-20,6852.723,6612.3646,1144.6369,11050.0,1.99,,22.87,4.16,1.87
2008-06-27,6869.5441,6607.1509,1144.6369,7114.0,1.99,,23.44,3.99,1.68
2008-07-04,6842.5781,6614.8145,1140.6349,14946.0,1.92,,24.79,3.99,1.84
2008-07-11,6846.8161,6615.1048,1140.6349,7475.0,1.97,,27.49,3.96,1.62
2008-07-18,6896.6889,6637.6621,1140.6349,11690.0,1.96,,24.05,4.11,1.48
2008-07-25,6885.5228,6633.4961,1140.6349,6648.0,2.13,,22.91,4.13,1.75
2008-08-01,6830.7515,6627.884,1146.4139,16125.0,2.04,,22.57,3.97,1.66
2008-08-08,6858.0209,6625.9774,1146.4139,11329.0,2.01,,20.66,3.94,1.7
2008-08-15,6861.1132,6628.2625,1146.4139,9025.0,2.08,,19.58,3.84,1.85
2008-08-22,6869.8776,6641.6277,1146.4139,11669.0,2.02,,18.81,3.87,1.7
2008-08-29,6872.1388,6646.9865,1146.4139,9750.0,1.94,,20.65,3.83,1.72
2008-09-05,6914.987,6639.7945,1159.4923,11906.0,1.97,,23.06,3.66,1.68
2008-09-12,6902.1493,6633.7418,1159.4923,9020.0,2.1,,25.66,3.74,1.49
2008-09-19,7111.5676,6711.3069,1159.4923,46998.0,1.48,,32.07,3.78,0.99
2008-09-26,7104.9515,6738.3564,1159.4923,104499.0,1.08,,34.74,3.85,0.87
2008-10-03,7258.0658,6950.5561,1230.2086,167055.0,1.1,,45.14,3.63,0.51
2008-10-10,7154.5111,6952.5677,1230.2086,119718.0,0.79,,69.95,3.89,0.25
2008-10-17,7166.013,7020.3159,1230.2086,281034.0,0.6,,70.33,3.98,0.83
2008-10-24,7138.0409,7001.1522,1230.2086,301260.0,0.95,,79.13,3.76,0.89
2008-10-31,7089.0287,7005.1467,1230.2086,260924.0,0.22,,59.89,4.01,0.46
2008-11-07,7105.9441,6969.2336,1268.9156,493611.0,0.27,,56.1,3.83,0.31
2008-11-14,7108.8891,6966.9577,1268.9156,592141.0,0.34,,66.31,3.72,0.15
2008-11-21,7033.6265,6939.1856,1268.9156,633849.0,0.57,,72.67,3.2,0.02
2008-11-28,7107.0278,6966.4952,1268.9156,577731.0,0.52,,55.84,2.93,0.01
2008-12-05,7126.3744,6952.0073,1249.8818,633911.0,0.12,,59.93,2.67,0.02
2008-12-12,7212.9174,6959.1763,1249.8818,777875.0,0.15,,54.28,2.6,0.02
2008-12-19,7221.6241,6952.4253,1249.8818,800403.0,0.11,,44.93,2.13,0.02
2008-12-26,7252.8884,6931.0329,1249.8818,784628.0,0.09,,43.38,2.16,0.03
2009-01-02,7237.5523,6887.189,1288.2369,847821.0,0.08,,39.19,2.46,0.08
2009-01-09,7242.6122,6877.1835,1288.2369,877820.0,0.09,,42.82,2.43,0.07
2009-01-16,7281.6947,6894.4789,1288.2369,847259.0,0.19,,46.11,2.36,0.12
2009-01-23,7297.8266,6910.198,1288.2369,843051.0,0.18,,47.27,2.65,0.11
2009-01-30,7261.0121,6906.3006,1288.2369,795229.0,0.23,,44.84,2.87,0.24
2009-02-06,7266.128,6913.9166,1283.1806,661731.0,0.23,,43.37,3.05,0.28
2009-02-13,7255.7239,6913.4313,1283.1806,603078.0,0.22,,42.93,2.89,0.29
2009-02-20,7251.9676,6916.7793,1283.1806,689085.0,0.2,,49.3,2.78,0.27
2009-02-27,7256.6046,6903.7091,1283.1806,692397.0,0.22,,46.35,3.02,0.26
2009-03-06,7282.9798,6892.0233,1294.9542,647729.0,0.2,,49.33,2.83,0.21
2009-03-13,7290.1306,6907.2961,1294.9542,628627.0,0.15,,42.36,2.89,0.2
2009-03-20,7262.0436,6843.0903,1294.9542,777925.0,0.18,,45.89,2.65,0.22
2009-03-27,7321.3685,6836.2435,1294.9542,795806.0,0.15,,41.04,2.78,0.14
2009-04-03,7323.7141,6829.1519,1281.6232,804033.0,0.13,,39.7,2.91,0.21
2009-04-10,7299.975,6824.5778,1281.6232,841151.0,0.15,,36.53,2.96,0.18
2009-04-17,7326.4317,6817.1986,1281.6232,837749.0,0.13,,33.94,2.98,0.14
2009-04-24,7340.8698,6790.6342,1281.6232,924827.0,0.16,,36.82,3.03,0.1
2009-05-01,7365.7361,6883.5643,1285.2754,827227.0,0.22,,35.3,3.21,0.16
2009-05-08,7418.2497,6873.8467,1285.2754,777037.0,0.17,,32.05,3.29,0.19
2009-05-15,7454.9782,6837.0496,1285.2754,858146.0,0.17,,33.12,3.14,0.17
2009-05-22,7440.5409,6839.4202,1285.2754,934135.0,0.17,,32.63,3.45,0.18
2009-05-29,7459.4409,6854.1004,1285.2754,867413.0,0.19,,28.92,3.47,0.14
2009-06-05,7492.1385,6835.3801,1323.9949,853660.0,0.21,,29.62,3.84,0.2
2009-06-12,7516.369,6817.3682,1323.9949,804321.0,0.17,,28.15,3.81,0.19
2009-06-19,7533.661,6772.9033,1323.9949,817587.0,0.25,,27.99,3.79,0.19
2009-06-26,7523.1351,6768.92,1323.9949,692454.0,0.18,,25.93,3.52,0.2
2009-07-03,7503.1381,6750.0089,1342.0058,726671.0,0.16,,27.95,3.51,0.17
2009-07-10,7481.3568,6728.4754,1342.0058,751528.0,0.15,,29.02,3.32,0.18
2009-07-17,7506.652,6715.3329,1342.0058,781790.0,0.15,,24.34,3.67,0.17
2009-07-24,7494.0026,6696.9547,1342.0058,752269.0,0.15,,23.09,3.7,0.18
2009-07-31,7487.1637,6693.0737,1342.0058,764658.0,0.18,,25.92,3.52,0.18
2009-08-07,7536.8833,6673.871,1378.3719,718021.0,0.17,,24.76,3.89,0.19
2009-08-14,7538.4794,6663.8247,1378.3719,746807.0,0.15,,24.27,3.55,0.18
2009-08-21,7505.2038,6627.1239,1378.3719,798188.0,0.16,,25.01,3.56,0.17
2009-08-28,7536.63,6614.066,1378.3719,842210.0,0.14,,24.76,3.46,0.15
2009-09-04,7548.0995,6588.7492,1393.6348,837154.0,0.15,,25.26,3.45,0.14
2009-09-11,7551.8203,6586.4271,1393.6348,859581.0,0.15,,24.15,3.34,0.14
2009-09-18,7561.0439,6564.5736,1393.6348,867697.0,0.16,,23.92,3.49,0.08
2009-09-25,7563.2175,6527.9364,1393.6348,889393.0,0.13,,25.61,3.34,0.1
2009-10-02,7555.8362,6511.5208,1390.7445,924381.0,0.13,,28.68,3.24,0.1
2009-10-09,7568.1367,6498.6693,1390.7445,958831.0,0.12,,23.12,3.4,0.07
2009-10-16,7624.8327,6477.9187,1390.7445,981622.0,0.12,,21.43,3.43,0.07
2009-10-23,7596.5886,6454.8687,1390.7445,1034020.0,0.11,,22.27,3.51,0.07
2009-10-30,7580.8071,6449.1916,1390.7445,1085378.0,0.11,,30.69,3.41,0.05
2009-11-06,7652.3984,6529.706,1414.5716,1084635.0,0.12,,24.19,3.54,0.06
2009-11-13,7645.913,6534.3338,1414.5716,1035227.0,0.12,,23.36,3.43,0.06
2009-11-20,7632.6017,6516.8979,1414.5716,1101812.0,0.11,,22.19,3.36,0.02
2009-11-27,7705.7424,6507.8822,1414.5716,1156240.0,0.12,,24.85,3.21,0.03
2009-12-04,7705.2948,6499.6305,1445.0788,1139438.0,0.12,,21.25,3.48,0.06
2009-12-11,7707.3507,6488.6331,1445.0788,1126508.0,0.12,,21.59,3.55,0.03
2009-12-18,7701.6131,6464.7405,1445.0788,1096672.0,0.12,,21.68,3.55,0.05
2009-12-25,7716.4544,6424.3415,1445.0788,1106147.0,0.11,,19.47,3.82,0.05
2010-01-01,7650.0524,6426.5779,1450.0133,1066737.0,0.05,,21.68,3.85,0.06
2010-01-08,7664.5832,6412.7555,1450.0133,994051.0,0.11,,18.13,3.83,0.05
2010-01-15,7670.8875,6397.4535,1450.0133,1059208.0,0.12,,17.91,3.7,0.06
2010-01-22,7673.5382,6395.6791,1450.0133,1078881.0,0.11,,27.31,3.62,0.06
2010-01-29,7689.6498,6362.5038,1450.0133,1104555.0,0.12,,24.62,3.63,0.08
2010-02-05,7695.4408,6345.9718,1464.1207,1126672.0,0.13,,26.11,3.59,0.1
2010-02-12,7684.927,6346.8791,1464.1207,1154075.0,0.12,,22.73,3.69,0.1
2010-02-19,7724.6536,6315.4336,1464.1207,1200695.0,0.13,,20.02,3.78,0.11
2010-02-26,7700.5158,6302.5053,1464.1207,1227597.0,0.13,,19.5,3.61,0.13
2010-03-05,7698.0705,6293.0519,1472.1307,1196337.0,0.17,,17.42,3.69,0.15
2010-03-12,7678.6662,6288.4697,1472.1307,1175338.0,0.17,,17.58,3.71,0.15
2010-03-19,7705.0821,6284.2758,1472.1307,1124978.0,0.18,,16.97,3.7,0.16
2010-03-26,7696.5631,6275.6102,1472.1307,1127725.0,0.17,,17.77,3.86,0.14
2010-04-02,7691.4219,6717.5123,1503.945,1124679.0,0.2,,17.47,3.96,0.16
2010-04-09,7671.3705,6713.1288,1503.945,1111072.0,0.19,,16.14,3.9,0.16
2010-04-16,7704.0345,6713.8435,1503.945,1093863.0,0.21,,18.36,3.79,0.16
2010-04-23,7703.0621,6702.6239,1503.945,1067938.0,0.2,,16.62,3.84,0.16
2010-04-30,7704.9927,6694.9159,1503.945,1053074.0,0.2,,22.05,3.69,0.16
2010-05-07,7695.6734,6670.8231,1504.0759,1021581.0,0.2,,40.95,3.45,0.13
2010-05-14,7689.8177,6685.1193,1504.0759,1064462.0,0.2,,31.24,3.44,0.16
2010-05-21,7658.5889,6668.8495,1504.0759,1092540.0,0.2,,40.1,3.2,0.17
2010-05-28,7669.3227,6654.1682,1504.0759,1084219.0,0.19,,32.07,3.31,0.16
2010-06-04,7676.0323,6641.6438,1501.3464,1067106.0,0.19,,35.48,3.2,0.14
2010-06-11,7688.3669,6644.3318,1501.3464,1060078.0,0.18,,28.79,3.24,0.08
2010-06-18,7682.9402,6642.7955,1501.3464,1066441.0,0.18,,23.95,3.24,0.11
2010-06-25,7706.9735,6636.3149,1501.3464,1060334.0,0.16,,28.53,3.12,0.13
2010-07-02,7677.5464,6629.5466,1558.5743,1043380.0,0.18,,30.12,3.0,0.17
2010-07-09,7688.997,6625.0131,1558.5743,1047031.0,0.18,,24.98,3.07,0.16
2010-07-16,7727.1379,6618.5266,1558.5743,1058516.0,0.19,,26.25,2.96,0.15
2010-07-23,7728.3493,6613.4299,1558.5743,1036195.0,0.19,,23.47,3.02,0.16
2010-07-30,7742.1756,6599.7944,1558.5743,1045219.0,0.18,,23.5,2.94,0.15
2010-08-06,7762.4546,6609.7238,1591.3645,1052386.0,0.18,,21.74,2.86,0.15
2010-08-13,7762.4694,6615.2379,1591.3645,1045180.0,0.19,,26.24,2.68,0.15
2010-08-20,7734.0275,6603.5768,1591.3645,1041298.0,0.2,,25.49,2.62,0.15
2010-08-27,7797.1276,6600.0629,1591.3645,1049221.0,0.19,,24.45,2.66,0.15
2010-09-03,7802.1617,6601.9677,1615.0138,1034529.0,0.19,,21.31,2.72,0.14
2010-09-10,7800.5827,6600.5965,1615.0138,1031310.0,0.18,,21.99,2.81,0.14
2010-09-17,7817.1098,6576.4253,1615.0138,1026976.0,0.21,,22.01,2.75,0.16
2010-09-24,7783.3215,6557.8041,1615.0138,975434.0,0.21,,21.71,2.62,0.15
2010-10-01,7775.0418,6564.5115,1643.0441,995183.0,0.2,,22.5,2.54,0.16
2010-10-08,7816.4443,6569.5517,1643.0441,985331.0,0.18,,20.71,2.41,0.12
2010-10-15,7823.4612,6554.6987,1643.0441,1022210.0,0.2,,19.03,2.59,0.14
2010-10-22,7840.0739,6557.2125,1643.0441,983140.0,0.19,,18.78,2.59,0.13
2010-10-29,7858.1789,6557.2564,1643.0441,1003206.0,0.2,,21.2,2.63,0.12
2010-11-05,7861.154,6561.5837,1658.3819,992204.0,0.18,,18.26,2.58,0.13
2010-11-12,7866.3521,6547.5516,1658.3819,993685.0,0.19,,20.61,2.76,0.13
2010-11-19,7896.7625,6560.4221,1658.3819,983736.0,0.21,,18.04,2.88,0.14
2010-11-26,7905.3631,6559.4478,1658.3819,1011124.0,0.2,,22.22,2.87,0.16
2010-12-03,7883.0533,6563.8113,1639.5724,1003827.0,0.18,,18.01,3.03,0.14
2010-12-10,7878.8298,6570.7163,1639.5724,1050689.0,0.16,,17.61,3.32,0.13
2010-12-17,7878.9774,6561.5911,1639.5724,1053748.0,0.2,,16.11,3.33,0.11
2010-12-24,7870.1272,6543.0919,1639.5724,1013048.0,0.19,,16.47,3.41,0.14
2010-12-31,7848.4364,6539.9925,1639.5724,1027089.0,0.13,,17.75,3.3,0.12
2011-01-07,7883.8849,6519.889,1645.1468,1001783.0,0.17,,17.14,3.34,0.14
2011-01-14,7902.789,6545.4214,1645.1468,1066028.0,0.16,,15.46,3.35,0.15
2011-01-21,7883.2684,6525.4219,1645.1468,1071206.0,0.17,,18.47,3.44,0.16
2011-01-28,7910.8858,6506.4048,1645.1468,1078051.0,0.17,,20.04,3.36,0.15
2011-02-04,7899.0549,6512.792,1636.2324,1087983.0,0.17,,15.93,3.68,0.15
2011-02-11,7913.2986,6506.2728,1636.2324,1152388.0,0.15,,15.69,3.64,0.12
2011-02-18,7928.0545,6489.133,1636.2324,1224078.0,0.15,,16.43,3.59,0.1
2011-02-25,7958.2811,6489.7062,1636.2324,1265869.0,0.15,,19.22,3.42,0.13
2011-03-04,7977.27,6488.1016,1645.3431,1292382.0,0.15,,19.06,3.49,0.12
2011-03-11,7980.1927,6485.7598,1645.3431,1358776.0,0.13,,20.08,3.4,0.08
2011-03-18,7989.2563,6475.0472,1645.3431,1395330.0,0.15,,24.44,3.28,0.07
2011-03-25,8001.4616,6476.3681,1645.3431,1391980.0,0.13,,17.91,3.46,0.09
2011-04-01,7996.6144,6476.7905,1668.819,1450291.0,0.11,,17.4,3.46,0.07
2011-04-08,8046.0088,6487.7232,1668.819,1472385.0,0.09,,17.87,3.59,0.04
2011-04-15,8055.9606,6474.7426,1668.819,1522249.0,0.12,,15.32,3.43,0.07
2011-04-22,8075.1588,6492.9202,1668.819,1486650.0,0.1,,14.69,3.42,0.06
2011-04-29,8097.2596,6487.1111,1668.819,1471501.0,0.09,,14.75,3.32,0.04
2011-05-06,8139.0573,6487.7093,1667.9214,1467320.0,0.09,,18.4,3.19,0.02
2011-05-13,8164.0373,6496.4392,1667.9214,1517084.0,0.09,,17.07,3.18,0.03
2011-05-20,8129.1098,6476.8855,1667.9214,1547236.0,0.1,,17.43,3.15,0.05
2011-05-27,8188.4389,6487.3491,1667.9214,1571447.0,0.1,,15.98,3.07,0.05
2011-06-03,8208.1032,6498.3308,1659.5563,1599810.0,0.11,,17.95,2.99,0.04
2011-06-10,8161.5966,6488.1668,1659.5563,1630850.0,0.09,,18.86,2.99,0.05
2011-06-17,8166.5024,6498.6284,1659.5563,1650065.0,0.1,,21.85,2.94,0.04
2011-06-24,8226.0557,6503.0219,1659.5563,1590364.0,0.08,,21.1,2.88,0.02
2011-07-01,8217.0849,6497.023,1656.9313,1617276.0,0.08,,15.87,3.22,0.02
2011-07-08,8254.1523,6503.1186,1656.9313,1650630.0,0.07,,15.95,3.03,0.03
2011-07-15,8257.9963,6513.9088,1656.9313,1679080.0,0.06,,19.53,2.94,0.02
2011-07-22,8238.3206,6513.6915,1656.9313,1636929.0,0.06,,17.52,2.99,0.05
2011-07-29,8327.4376,6523.3677,1656.9313,1652667.0,0.11,,25.25,2.82,0.1
2011-08-05,8351.1323,6519.9952,1669.6462,1624803.0,0.08,,32.0,2.58,0.01
2011-08-12,8350.7483,6534.3634,1669.6462,1649269.0,0.1,,36.36,2.24,0.02
2011-08-19,8349.8681,6536.8996,1669.6462,1621140.0,0.09,,43.05,2.07,0.02
2011-08-26,8349.0779,6537.4415,1669.6462,1605613.0,0.09,,35.59,2.19,0.01
2011-09-02,8357.0153,6541.2775,1678.8945,1611435.0,0.08,,33.92,2.02,0.02
2011-09-09,8356.347,6544.3113,1678.8945,1615771.0,0.09,,38.52,1.93,0.01
2011-09-16,8380.1235,6534.3218,1678.8945,1617860.0,0.09,,30.98,2.08,0.01
2011-09-23,8384.189,6538.6225,1678.8945,1567602.0,0.08,,41.25,1.84,0.01
2011-09-30,8389.0963,6548.9396,1678.8945,1576801.0,0.06,,42.96,1.92,0.02
2011-10-07,8395.5593,6559.8083,1687.4537,1604285.0,0.07,,36.2,2.1,0.01
2011-10-14,8367.0252,6567.5505,1687.4537,1624516.0,0.07,,28.24,2.26,0.02
2011-10-21,8349.522,6569.8409,1687.4537,1600008.0,0.07,,31.32,2.23,0.02
2011-10-28,8383.3129,6574.608,1687.4537,1568317.0,0.07,,24.53,2.34,0.01
2011-11-04,8408.9218,6590.6414,1695.2445,1571930.0,0.08,,30.16,2.06,0.01
2011-11-11,8390.4834,6603.5937,1695.2445,1568521.0,0.08,,30.04,2.04,0.01
2011-11-18,8402.6817,6613.662,1695.2445,1583716.0,0.08,,32.0,2.01,0.01
2011-11-25,8393.609,6593.7962,1695.2445,1505201.0,0.07,,34.47,1.97,0.02
2011-12-02,8404.7768,6602.1379,1697.912,1520197.0,0.08,,27.52,2.05,0.02
2011-12-09,8412.0903,6612.1498,1697.912,1546608.0,0.07,,26.38,2.07,0.01
2011-12-16,8435.4406,6606.7009,1697.912,1601495.0,0.07,,24.29,1.86,0.0
2011-12-23,8403.463,6600.0873,1697.912,1509961.0,0.08,,20.73,2.03,0.01
2011-12-30,8435.5494,6615.3322,1697.912,1534135.0,0.04,,23.4,1.89,0.02
2012-01-06,8488.442,6637.3247,1724.76,1564841.0,0.07,,20.63,1.98,0.02
2012-01-13,8484.1606,6645.0356,1724.76,1572456.0,0.09,,20.91,1.89,0.03
2012-01-20,8457.1055,6633.7528,1724.76,1593378.0,0.09,,18.28,2.05,0.05
2012-01-27,8479.5167,6630.4377,1724.76,1529646.0,0.09,,18.53,1.93,0.06
2012-02-03,8555.4839,6708.5274,1755.068,1572710.0,0.11,,17.1,1.97,0.08
2012-02-10,8558.5283,6703.8181,1755.068,1600651.0,0.12,,20.79,1.96,0.09
2012-02-17,8554.7263,6700.8522,1755.068,1634172.0,0.09,,17.78,2.01,0.09
2012-02-24,8542.202,6694.7997,1755.068,1621626.0,0.09,,17.31,1.98,0.1
2012-03-02,8576.2432,6715.866,1777.3393,1607919.0,0.11,,17.29,1.99,0.07
2012-03-09,8583.4179,6717.8824,1777.3393,1591922.0,0.12,,17.11,2.04,0.09
2012-03-16,8629.837,6714.787,1777.3393,1579394.0,0.15,,14.47,2.31,0.09
2012-03-23,8602.8993,6706.0752,1777.3393,1523382.0,0.14,,14.82,2.25,0.08
2012-03-30,8596.3698,6716.5965,1777.3393,1526338.0,0.09,,15.5,2.23,0.07
2012-04-06,8650.3436,6720.1583,1795.7947,1548610.0,0.12,,16.7,2.07,0.07
2012-04-13,8639.0974,6739.6144,1795.7947,1550552.0,0.15,,19.55,2.02,0.09
2012-04-20,8612.8698,6743.5872,1795.7947,1562988.0,0.12,,17.44,1.99,0.08
2012-04-27,8662.7485,6736.506,1795.7947,1539135.0,0.13,,16.32,1.96,0.09
2012-05-04,8674.6983,6754.5256,1804.1373,1492460.0,0.16,,19.16,1.91,0.07
2012-05-11,8674.5182,6763.5682,1804.1373,1497049.0,0.15,,19.89,1.84,0.1
2012-05-18,8680.1704,6766.8889,1804.1373,1501657.0,0.16,,25.1,1.71,0.08
2012-05-25,8675.9376,6761.3546,1804.1373,1513160.0,0.15,,21.76,1.75,0.09
2012-06-01,8638.7522,6766.3465,1804.156,1522910.0,0.16,,26.66,1.47,0.07
2012-06-08,8736.0476,6790.2041,1804.156,1527474.0,0.17,,21.23,1.65,0.09
2012-06-15,8745.3434,6775.7633,1804.156,1549830.0,0.18,,21.11,1.6,0.09
2012-06-22,8707.1033,6779.9832,1804.156,1496509.0,0.17,,18.11,1.69,0.09
2012-06-29,8742.4025,6777.8911,1804.156,1461231.0,0.09,,17.08,1.67,0.09
2012-07-06,8790.2315,6781.1183,1832.3665,1500156.0,0.17,,17.1,1.57,0.08
2012-07-13,8785.4707,6789.8765,1832.3665,1514001.0,0.19,,16.74,1.52,0.1
2012-07-20,8772.0528,6785.6998,1832.3665,1543311.0,0.13,,16.27,1.49,0.09
2012-07-27,8846.7753,6793.1789,1832.3665,1551501.0,0.14,,16.7,1.58,0.11
2012-08-03,8828.0213,6805.4788,1844.7838,1561819.0,0.14,,15.64,1.6,0.09
2012-08-10,8864.3067,6817.232,1844.7838,1553199.0,0.13,,14.74,1.65,0.1
2012-08-17,8874.3128,6810.9867,1844.7838,1555394.0,0.13,,13.45,1.81,0.09
2012-08-24,8877.758,6805.2599,1844.7838,1511753.0,0.13,,15.18,1.68,0.1
2012-08-31,8875.9617,6819.4067,1844.7838,1502317.0,0.13,,17.47,1.57,0.09
2012-09-07,8920.7014,6822.0693,1846.6348,1518165.0,0.15,,14.38,1.67,0.11
2012-09-14,8905.9476,6838.1029,1846.6348,1505899.0,0.16,,14.51,1.88,0.11
2012-09-21,8900.5942,6829.6321,1846.6348,1453315.0,0.15,,13.98,1.77,0.11
2012-09-28,8942.8594,6820.76,1846.6348,1424890.0,0.09,,15.73,1.65,0.1
2012-10-05,8983.0843,6830.3418,1843.1728,1446881.0,0.15,,14.33,1.75,0.11
2012-10-12,8969.9742,6842.482,1843.1728,1469565.0,0.16,,16.14,1.69,0.11
2012-10-19,8978.1722,6829.9718,1843.1728,1483095.0,0.16,,17.06,1.79,0.1
2012-10-26,8985.7923,6823.0092,1843.1728,1477350.0,0.16,,17.81,1.78,0.12
2012-11-02,9053.6616,6852.3512,1855.5372,1494414.0,0.16,,17.59,1.75,0.09
2012-11-09,9086.9601,6883.7219,1855.5372,1509945.0,0.16,,18.61,1.61,0.09
2012-11-16,9132.9807,6877.8407,1855.5372,1483331.0,0.16,,16.41,1.58,0.06
2012-11-23,9109.5689,6866.8064,1855.5372,1503622.0,0.16,,15.14,1.7,0.1
2012-11-30,9104.7775,6863.0419,1855.5372,1485795.0,0.16,,15.87,1.62,0.08
2012-12-07,9187.5444,6861.1734,1872.2724,1526122.0,0.16,,15.9,1.64,0.09
2012-12-14,9202.5323,6862.692,1872.2724,1520217.0,0.17,,17.0,1.72,0.04
2012-12-21,9241.0533,6892.7848,1872.2724,1517220.0,0.17,,17.84,1.77,0.06
2012-12-28,9307.2659,6902.8335,1872.2724,1503482.0,0.17,,22.72,1.73,0.01
2013-01-04,9325.3249,6933.2498,1862.5837,1503866.0,0.16,,13.83,1.93,0.07
2013-01-11,9256.8885,6924.8061,1862.5837,1543024.0,0.14,,13.36,1.89,0.07
2013-01-18,9246.6059,6912.2316,1862.5837,1584948.0,0.14,,12.46,1.87,0.08
2013-01-25,9256.3127,6912.757,1862.5837,1586337.0,0.14,,12.89,1.98,0.08
2013-02-01,9242.0466,6936.5728,1857.0101,1632732.0,0.14,,12.9,2.04,0.06
2013-02-08,9268.4311,6946.8423,1857.0101,1654331.0,0.14,,13.02,1.99,0.07
2013-02-15,9272.8596,6942.2317,1857.0101,1683304.0,0.16,,12.46,2.01,0.1
2013-02-22,9243.4575,6932.4882,1857.0101,1667383.0,0.16,,14.17,1.97,0.13
2013-03-01,9267.2242,6943.1996,1851.4702,1683532.0,0.14,,15.36,1.86,0.11
2013-03-08,9284.9738,6945.3242,1851.4702,1748067.0,0.15,,12.59,2.06,0.1
2013-03-15,9309.1887,6940.9622,1851.4702,1760956.0,0.16,,11.3,2.01,0.09
2013-03-22,9304.2343,6934.9906,1851.4702,1753364.0,0.15,,13.57,1.93,0.07
2013-03-29,9394.109,6946.945,1851.4702,1776369.0,0.09,,12.7,1.87,0.07
2013-04-05,9363.926,6960.0071,1871.3211,1801101.0,0.15,,13.92,1.72,0.07
2013-04-12,9350.0452,6977.1291,1871.3211,1843724.0,0.15,,12.06,1.75,0.06
2013-04-19,9363.67,6967.8198,1871.3211,1855933.0,0.15,,14.97,1.73,0.05
2013-04-26,9355.4142,6967.3702,1871.3211,1818122.0,0.13,,13.61,1.7,0.05
2013-05-03,9385.1281,6985.5261,1853.0773,1831841.0,0.14,,12.85,1.78,0.05
2013-05-10,9363.1996,6972.7275,1853.0773,1853217.0,0.12,,12.59,1.9,0.04
2013-05-17,9391.4857,6984.5311,1853.0773,1917007.0,0.1,,12.45,1.95,0.04
2013-05-24,9402.6219,6980.5278,1853.0773,1961690.0,0.09,,13.99,2.01,0.04
2013-05-31,9388.1546,6979.2081,1853.0773,1979200.0,0.09,,16.3,2.16,0.04
2013-06-07,9431.9516,6994.0369,1845.4741,2018582.0,0.09,,15.14,2.17,0.04
2013-06-14,9447.089,7007.5022,1845.4741,2031047.0,0.1,,17.15,2.14,0.05
2013-06-21,9400.8922,7005.4659,1845.4741,1994315.0,0.1,,18.9,2.52,0.05
2013-06-28,9430.9363,6996.3171,1845.4741,1981754.0,0.07,,16.86,2.52,0.04
2013-07-05,9441.4218,7004.8348,1820.9373,2023336.0,0.1,,14.89,2.73,0.04
2013-07-12,9448.1865,7006.1567,1820.9373,2070591.0,0.09,,13.84,2.61,0.04
2013-07-19,9504.9125,7020.4698,1820.9373,2092289.0,0.09,,12.54,2.5,0.03
2013-07-26,9510.9154,7015.8612,1820.9373,2094920.0,0.09,,12.72,2.58,0.03
2013-08-02,9514.6136,7020.3863,1802.295,2154522.0,0.09,,11.98,2.63,0.04
2013-08-09,9505.5817,7016.4667,1802.295,2171441.0,0.08,,13.41,2.57,0.05
2013-08-16,9537.545,7009.1671,1802.295,2175545.0,0.09,,14.37,2.84,0.05
2013-08-23,9520.8377,7016.4853,1802.295,2193671.0,0.08,,13.98,2.82,0.03
2013-08-30,9556.7286,7014.2525,1802.295,2222481.0,0.07,,17.01,2.78,0.03
2013-09-06,9564.4058,7028.3282,1792.5898,2266587.0,0.08,,15.85,2.94,0.02
2013-09-13,9557.8106,7033.0639,1792.5898,2265831.0,0.08,,14.16,2.9,0.01
2013-09-20,9588.7743,7037.0349,1792.5898,2293383.0,0.08,,13.12,2.75,0.01
2013-09-27,9627.069,7032.3189,1792.5898,2278603.0,0.08,,15.46,2.64,0.02
2013-10-04,9659.147,7054.7492,1791.7021,2311359.0,0.08,,16.74,2.66,0.03
2013-10-11,9642.5073,7046.8597,1791.7021,2359390.0,0.1,,15.72,2.7,0.08
2013-10-18,9725.6331,7068.4716,1791.7021,2370944.0,0.1,,13.04,2.6,0.04
2013-10-25,9698.2125,7061.4666,1791.7021,2357446.0,0.08,,13.09,2.53,0.04
2013-11-01,9694.9756,7070.9494,1802.0729,2424917.0,0.08,,13.28,2.65,0.04
2013-11-08,9675.7076,7072.7138,1802.0729,2440588.0,0.08,,12.9,2.77,0.06
2013-11-15,9704.3323,7080.6888,1802.0729,2449114.0,0.09,,12.19,2.71,0.08
2013-11-22,9716.2339,7078.0865,1802.0729,2473552.0,0.09,,12.26,2.75,0.07
2013-11-29,9776.1811,7092.5936,1802.0729,2466785.0,0.07,,13.7,2.75,0.06
2013-12-06,9768.3908,7087.3621,1808.9931,2492609.0,0.09,,13.79,2.88,0.06
2013-12-13,9775.8266,7096.5505,1808.9931,2524024.0,0.08,,15.76,2.88,0.07
2013-12-20,9774.0705,7097.7637,1808.9931,2521300.0,0.09,,13.79,2.89,0.07
2013-12-27,9848.4394,7112.2193,1808.9931,2474155.0,0.08,,12.46,3.02,0.07
2014-01-03,9845.709,7112.7248,1819.4567,2374633.0,0.08,,13.76,3.01,0.07
2014-01-10,9837.2567,7113.5684,1819.4567,2453039.0,0.07,,12.14,2.88,0.05
2014-01-17,9864.9166,7114.5918,1819.4567,2527883.0,0.07,,12.44,2.84,0.05
2014-01-24,9882.4825,7135.187,1819.4567,2522890.0,0.07,,18.14,2.75,0.04
2014-01-31,9878.5874,7140.041,1819.4567,2519198.0,0.07,,18.41,2.67,0.02
2014-02-07,9888.8811,7158.1458,1836.3629,2542276.0,0.06,,15.29,2.71,0.08
2014-02-14,9930.8851,7179.9699,1836.3629,2589669.0,0.06,,13.57,2.75,0.02
2014-02-21,9958.3487,7199.0948,1836.3629,2616352.0,0.07,,14.68,2.73,0.05
2014-02-28,9914.8169,7199.8866,1836.3629,2599898.0,0.06,,14.0,2.66,0.05
2014-03-07,9967.1408,7222.1101,1858.6343,2629608.0,0.08,,14.11,2.8,0.06
2014-03-14,9988.4068,7225.5681,1858.6343,2652021.0,0.08,,17.82,2.65,0.05
2014-03-21,10005.5989,7241.3535,1858.6343,2644893.0,0.08,,15.0,2.75,0.06
2014-03-28,10002.8849,7242.9539,1858.6343,2612237.0,0.08,,14.41,2.73,0.04
2014-04-04,10013.4287,7251.5275,1870.8352,2581373.0,0.08,,13.96,2.74,0.03
2014-04-11,10064.2182,7257.4262,1870.8352,2684341.0,0.09,,17.03,2.63,0.04
2014-04-18,10070.3858,7275.1833,1870.8352,2724744.0,0.1,,13.36,2.73,0.03
2014-04-25,10077.5234,7280.2327,1870.8352,2641132.0,0.09,,14.06,2.68,0.03
2014-05-02,10144.8131,7293.7369,1893.0028,2609418.0,0.09,,12.91,2.6,0.02
2014-05-09,10111.8268,7296.4293,1893.0028,2597621.0,0.08,,12.92,2.62,0.03
2014-05-16,10131.4079,7306.065,1893.0028,2630836.0,0.09,,12.44,2.52,0.03
2014-05-23,10151.3731,7318.781,1893.0028,2657729.0,0.09,,11.36,2.54,0.04
2014-05-30,10164.8714,7327.4908,1893.0028,2629199.0,0.08,,11.4,2.48,0.04
2014-06-06,10153.421,7333.6344,1909.9288,2679071.0,0.09,,10.73,2.6,0.04
2014-06-13,10160.9085,7353.1655,1909.9288,2709510.0,0.1,,12.18,2.6,0.04
2014-06-20,10140.3049,7360.2847,1909.9288,2703925.0,0.1,,10.85,2.63,0.02
2014-06-27,10198.0073,7365.7986,1909.9288,2640303.0,0.1,,11.26,2.54,0.03
2014-07-04,10185.4908,7391.2858,1938.7444,2578697.0,0.09,,10.32,2.65,0.01
2014-07-11,10212.9916,7387.5209,1938.7444,2622832.0,0.09,,12.08,2.53,0.02
2014-07-18,10236.9505,7396.784,1938.7444,2639685.0,0.09,,12.06,2.5,0.02
2014-07-25,10236.7391,7403.5371,1938.7444,2792302.0,0.09,,12.69,2.48,0.03
2014-08-01,10213.7578,7414.9764,1950.3767,2809004.0,0.09,,17.03,2.52,0.03
2014-08-08,10182.5774,7429.2861,1950.3767,2789330.0,0.09,,15.77,2.44,0.03
2014-08-15,10185.2007,7435.7945,1950.3767,2786792.0,0.09,,13.15,2.34,0.03
2014-08-22,10223.3979,7464.4807,1950.3767,2790174.0,0.09,,11.47,2.4,0.03
2014-08-29,10256.8597,7457.7742,1950.3767,2778794.0,0.07,,11.98,2.35,0.03
2014-09-05,10328.813,7469.1279,1983.1866,2777409.0,0.09,,12.09,2.46,0.03
2014-09-12,10308.5019,7469.9281,1983.1866,2787045.0,0.09,,13.31,2.62,0.02
2014-09-19,10335.3271,7483.5998,1983.1866,2797996.0,0.09,,12.11,2.59,0.02
2014-09-26,10364.2533,7486.1895,1983.1866,2732580.0,0.09,,14.85,2.54,0.01
2014-10-03,10314.4238,7488.0057,1992.8118,2705717.0,0.09,,14.55,2.45,0.01
2014-10-10,10275.1957,7482.9629,1992.8118,2749347.0,0.09,,21.24,2.31,0.01
2014-10-17,10301.9715,7496.9566,1992.8118,2793290.0,0.09,,21.99,2.22,0.02
2014-10-24,10309.44,7519.85,1992.8118,2688613.0,0.09,,16.11,2.29,0.01
2014-10-31,10273.2584,7513.1775,1992.8118,2629809.0,0.07,,14.03,2.35,0.01
2014-11-07,10318.3091,7519.1533,2001.7848,2561062.0,0.09,,13.12,2.32,0.03
2014-11-14,10388.4174,7543.9069,2001.7848,2568099.0,0.09,,13.31,2.32,0.02
2014-11-21,10346.3661,7550.7966,2001.7848,2520171.0,0.1,,12.9,2.31,0.01
2014-11-28,10443.3377,7574.4951,2001.7848,2486574.0,0.08,,13.33,2.18,0.02
2014-12-05,10422.4427,7568.8306,2040.3038,2449444.0,0.12,,11.82,2.31,0.02
2014-12-12,10472.3273,7583.2815,2040.3038,2433138.0,0.12,,21.08,2.1,0.02
2014-12-19,10476.4608,7593.4336,2040.3038,2786907.0,0.13,,16.49,2.17,0.04
2014-12-26,10488.043,7623.2614,2040.3038,2681801.0,0.13,,14.5,2.25,0.01
2015-01-02,10469.9273,7628.5212,2066.6149,2574784.0,0.12,,17.79,2.12,0.02
2015-01-09,10502.8274,7639.8454,2066.6149,2600598.0,0.12,,17.55,1.98,0.02
2015-01-16,10503.3829,7657.5115,2066.6149,2753903.0,0.13,,20.95,1.83,0.03
2015-01-23,10511.428,7675.5531,2066.6149,2722392.0,0.12,,16.66,1.81,0.02
2015-01-30,10539.7967,7672.8024,2066.6149,2665153.0,0.06,,20.97,1.68,0.02
2015-02-06,10580.7476,7674.5733,2096.6291,2684263.0,0.11,,17.29,1.95,0.02
2015-02-13,10591.2013,7692.7671,2096.6291,2536607.0,0.12,,14.69,2.02,0.01
2015-02-20,10618.6319,7715.5109,2096.6291,2457419.0,0.12,,14.3,2.13,0.02
2015-02-27,10667.7009,7744.7949,2096.6291,2328963.0,0.06,,13.34,2.0,0.02
2015-03-06,10658.8197,7757.2535,2109.6454,2522095.0,0.12,,15.2,2.24,0.01
2015-03-13,10665.7255,7770.358,2109.6454,2688257.0,0.11,,16.0,2.13,0.03
2015-03-20,10657.3758,7798.6656,2109.6454,2782935.0,0.12,,13.02,1.93,0.01
2015-03-27,10673.7553,7804.0527,2109.6454,2706627.0,0.12,,15.07,1.95,0.04
2015-04-03,10728.5659,7830.0111,2120.6574,2667344.0,0.12,,14.67,1.85,0.02
2015-04-10,10680.5522,7827.3234,2120.6574,2744497.0,0.12,,12.58,1.96,0.02
2015-04-17,10701.0102,7842.8063,2120.6574,2793314.0,0.13,,13.89,1.87,0.01
2015-04-24,10652.3282,7842.6862,2120.6574,2679047.0,0.13,,12.29,1.93,0.03
2015-05-01,10655.7468,7852.8961,2149.69,2593777.0,0.13,,12.7,2.12,0.01
2015-05-08,10656.8739,7856.1747,2149.69,2595402.0,0.13,,12.86,2.16,0.01
2015-05-15,10726.3874,7867.9205,2149.69,2619317.0,0.13,,12.38,2.14,0.02
2015-05-22,10692.2917,7888.2302,2149.69,2635118.0,0.13,,12.13,2.21,0.02
2015-05-29,10735.5117,7898.1685,2149.69,2510791.0,0.08,,13.84,2.12,0.01
2015-06-05,10708.6744,7901.6235,2156.1975,2444765.0,0.13,,14.21,2.41,0.03
2015-06-12,10712.5637,7918.7535,2156.1975,2654281.0,0.13,,13.78,2.39,0.02
2015-06-19,10741.0019,7928.2357,2156.1975,2621304.0,0.13,,13.96,2.26,0.01
2015-06-26,10783.3723,7941.549,2156.1975,2530324.0,0.13,,14.02,2.49,0.01
2015-07-03,10780.8533,7958.6151,2151.1584,2457406.0,0.13,,16.79,2.4,0.01
2015-07-10,10765.5537,7953.2353,2151.1584,2555100.0,0.13,,16.83,2.42,0.01
2015-07-17,10793.7359,7965.7101,2151.1584,2620137.0,0.13,,11.95,2.34,0.03
2015-07-24,10813.8388,7973.0163,2151.1584,2631543.0,0.13,,13.74,2.27,0.04
2015-07-31,10762.841,7974.9128,2151.1584,2624646.0,0.08,,12.12,2.2,0.08
2015-08-07,10799.5719,7983.9099,2165.6769,2598529.0,0.14,,13.39,2.18,0.06
2015-08-14,10812.3437,8004.0556,2165.6769,2558957.0,0.14,,12.83,2.2,0.09
2015-08-21,10838.924,8020.2926,2165.6769,2528568.0,0.15,,28.03,2.05,0.03
2015-08-28,10881.6623,8035.5246,2165.6769,2682256.0,0.14,,26.05,2.19,0.06
2015-09-04,10860.8589,8044.4777,2163.1525,2682003.0,0.14,,27.8,2.13,0.02
2015-09-11,10874.3769,8049.3611,2163.1525,2731228.0,0.14,,23.2,2.2,0.04
2015-09-18,10855.1956,8060.2814,2163.1525,2696511.0,0.14,,22.28,2.13,0.0
2015-09-25,10861.3182,8066.5751,2163.1525,2622865.0,0.13,,23.62,2.17,0.0
2015-10-02,10872.8997,8090.7945,2175.1414,2514321.0,0.13,,20.94,1.99,0.0
2015-10-09,10881.651,8098.4613,2175.1414,2632633.0,0.13,,17.08,2.12,0.01
2015-10-16,10894.7269,8115.4011,2175.1414,2697180.0,0.13,,15.05,2.04,0.01
2015-10-23,10931.1273,8118.9365,2175.1414,2693306.0,0.12,,14.46,2.09,0.01
2015-10-30,10953.4845,8121.0403,2175.1414,2657762.0,0.07,,15.07,2.16,0.08
2015-11-06,10972.9298,8144.1695,2197.9772,2642566.0,0.12,,14.33,2.34,0.08
2015-11-13,10967.0164,8166.7838,2197.9772,2655976.0,0.12,,20.08,2.28,0.14
2015-11-20,10943.4229,8174.2462,2197.9772,2634137.0,0.12,,15.47,2.26,0.12
2015-11-27,10977.4214,8187.0455,2197.9772,2553608.0,0.12,,15.12,2.22,0.18
2015-12-04,10932.7405,8201.0745,2224.5584,2518901.0,0.13,,14.81,2.28,0.23
2015-12-11,10949.988,8214.3543,2224.5584,2523870.0,0.14,,24.39,2.13,0.23
2015-12-18,10924.4195,8227.4339,2224.5584,2535562.0,0.37,,20.7,2.19,0.19
2015-12-25,10949.865,8236.0514,2224.5584,2408573.0,0.36,,15.74,2.25,0.2
2016-01-01,10871.7178,8241.5714,2228.2068,2306241.0,0.2,,18.21,2.27,0.16
2016-01-08,10948.0936,8261.1112,2228.2068,2121654.0,0.36,,27.01,2.13,0.2
2016-01-15,10949.7134,8265.5999,2228.2068,2421899.0,0.36,,27.02,2.03,0.24
2016-01-22,10959.0226,8285.9584,2228.2068,2454769.0,0.38,,22.34,2.07,0.31
2016-01-29,10968.0664,8301.462,2228.2068,2395752.0,0.29,,20.2,1.94,0.33
2016-02-05,10983.9229,8326.9295,2238.2962,2374971.0,0.38,,23.38,1.86,0.3
2016-02-12,10997.5201,8331.985,2238.2962,2441826.0,0.38,,25.4,1.74,0.3
2016-02-19,11026.3615,8340.3596,2238.2962,2478361.0,0.38,,20.53,1.76,0.31
2016-02-26,11026.0684,8344.1722,2238.2962,2421445.0,0.37,,19.81,1.76,0.33
2016-03-04,11061.9664,8392.188,2248.5107,2481508.0,0.36,,16.86,1.88,0.29
2016-03-11,11078.7982,8409.2616,2248.5107,2515893.0,0.36,,16.5,1.98,0.33
2016-03-18,11073.0419,8413.2061,2248.5107,2499512.0,0.37,,14.02,1.88,0.3
2016-03-25,11123.3225,8423.2579,2248.5107,2422534.0,0.37,,14.74,1.91,0.3
2016-04-01,11085.2486,8433.2,2271.4637,2408417.0,0.37,,13.1,1.79,0.23
2016-04-08,11123.34,8448.3169,2271.4637,2391977.0,0.37,,15.36,1.72,0.23
2016-04-15,11151.6762,8455.3513,2271.4637,2496830.0,0.37,,13.62,1.76,0.22
2016-04-22,11166.3532,8475.0767,2271.4637,2470250.0,0.37,,13.22,1.89,0.23
2016-04-29,11143.5531,8485.2129,2271.4637,2374158.0,0.3,,15.7,1.83,0.22
2016-05-06,11188.2546,8505.37,2289.8035,2361000.0,0.37,,14.72,1.79,0.19
2016-05-13,11183.9009,8517.9782,2289.8035,2401680.0,0.37,,15.04,1.71,0.29
2016-05-20,11173.6487,8514.9817,2289.8035,2416214.0,0.37,,15.2,1.85,0.33
2016-05-27,11201.549,8536.66,2289.8035,2332537.0,0.37,,13.12,1.85,0.32
2016-06-03,11223.4029,8546.7112,2300.5357,2393953.0,0.37,,13.47,1.71,0.3
2016-06-10,11263.3725,8554.1427,2300.5357,2429639.0,0.37,,17.03,1.64,0.26
2016-06-17,11285.6135,8558.5374,2300.5357,2449153.0,0.38,,19.41,1.62,0.27
2016-06-24,11265.3603,8572.6781,2300.5357,2361897.0,0.4,,25.76,1.57,0.27
2016-07-01,11248.9288,8605.2052,2332.3494,2256344.0,0.41,,14.77,1.46,0.28
2016-07-08,11284.1143,8613.7972,2332.3494,2253410.0,0.4,,13.2,1.37,0.28
2016-07-15,11281.3661,8623.4551,2332.3494,2310766.0,0.4,,12.67,1.6,0.32
2016-07-22,11274.6637,8611.6046,2332.3494,2327654.0,0.4,,12.02,1.57,0.33
2016-07-29,11282.6208,8619.1144,2332.3494,2322008.0,0.3,,11.87,1.46,0.28
2016-08-05,11352.0215,8622.256,2353.3517,2332761.0,0.4,,11.39,1.59,0.28
2016-08-12,11348.9284,8632.8055,2353.3517,2395226.0,0.4,,11.55,1.51,0.29
2016-08-19,11393.8735,8630.39,2353.3517,2328544.0,0.4,,11.34,1.58,0.3
2016-08-26,11382.8697,8645.6915,2353.3517,2358138.0,0.4,,13.65,1.62,0.34
2016-09-02,11374.4329,8664.5026,2381.5075,2337960.0,0.4,,11.98,1.6,0.33
2016-09-09,11387.2567,8672.9093,2381.5075,2373809.0,0.4,,17.5,1.67,0.35
2016-09-16,11421.8446,8682.0632,2381.5075,2368491.0,0.4,,15.37,1.7,0.3
2016-09-23,11357.14,8690.5462,2381.5075,2244467.0,0.4,,12.29,1.62,0.18
2016-09-30,11350.0823,8700.7151,2381.5075,2131792.0,0.29,,13.29,1.6,0.29
2016-10-07,11370.6702,8724.7797,2409.4301,1999935.0,0.4,,13.48,1.73,0.33
2016-10-14,11370.6513,8732.9025,2409.4301,2129766.0,0.41,,16.12,1.8,0.32
2016-10-21,11366.8817,8740.8821,2409.4301,2147216.0,0.41,,13.34,1.74,0.34
2016-10-28,11401.1895,8743.5473,2409.4301,2061583.0,0.41,,16.19,1.86,0.3
2016-11-04,11390.5397,8752.2977,2414.4514,2107987.0,0.41,,22.51,1.79,0.38
2016-11-11,11417.1714,8757.362,2414.4514,2175670.0,0.41,,14.17,2.15,0.48
2016-11-18,11438.0934,8761.6156,2414.4514,2167766.0,0.41,,12.85,2.34,0.44
2016-11-25,11427.6449,8760.7356,2414.4514,2130901.0,0.41,,12.34,2.36,0.49
2016-12-02,11427.824,8771.9466,2409.3621,2096684.0,0.41,,14.12,2.4,0.49
2016-12-09,11440.2468,8773.8618,2409.3621,2143979.0,0.41,,11.75,2.47,0.54
2016-12-16,11473.711,8760.4883,2409.3621,2138296.0,0.66,,12.2,2.6,0.51
2016-12-23,11461.0373,8759.7395,2409.3621,2023009.0,0.66,,11.44,2.55,0.52
2016-12-30,11486.9414,8750.6119,2409.3621,1952555.0,0.55,,14.04,2.45,0.51
2017-01-06,11534.0004,8770.711,2417.837,1845396.0,0.66,,11.32,2.42,0.53
2017-01-13,11502.6408,8785.0389,2417.837,2068178.0,0.66,,11.23,2.4,0.53
2017-01-20,11539.1918,8787.7023,2417.837,2148195.0,0.66,,11.54,2.48,0.5
2017-01-27,11518.129,8785.3296,2417.837,2116497.0,0.66,,10.58,2.49,0.52
2017-02-03,11581.5208,8801.7569,2437.4204,2155126.0,0.66,,10.97,2.49,0.51
2017-02-10,11547.7525,8800.5387,2437.4204,2220721.0,0.66,,10.85,2.41,0.55
2017-02-17,11579.3185,8807.6403,2437.4204,2246912.0,0.66,,11.49,2.42,0.53
2017-02-24,11555.1955,8805.8475,2437.4204,2239022.0,0.66,,11.47,2.31,0.52
2017-03-03,11611.6448,8813.3619,2447.4818,2261623.0,0.66,,10.96,2.49,0.71
2017-03-10,11590.9748,8799.1747,2447.4818,2343906.0,0.66,,11.66,2.58,0.75
2017-03-17,11657.1584,8812.563,2447.4818,2360216.0,0.91,,11.28,2.5,0.73
2017-03-24,11646.6075,8807.6053,2447.4818,2311413.0,0.91,,12.96,2.4,0.78
2017-03-31,11621.9642,8804.7396,2447.4818,2308932.0,0.82,,12.37,2.4,0.76
2017-04-07,11657.0867,8823.7134,2447.309,2233858.0,0.91,,12.87,2.38,0.82
2017-04-14,11666.0125,8825.8383,2447.309,2358407.0,0.91,,15.96,2.24,0.81
2017-04-21,11677.8081,8840.3252,2447.309,2343340.0,0.91,,14.63,2.24,0.79
2017-04-28,11670.0342,8847.1744,2447.309,2239041.0,0.83,,10.82,2.29,0.8
2017-05-05,11677.2705,8858.9513,2459.2979,2173987.0,0.91,,10.57,2.36,0.9
2017-05-12,11707.243,8862.7635,2459.2979,2232191.0,0.91,,10.4,2.33,0.88
2017-05-19,11725.4432,8866.221,2459.2979,2240327.0,0.91,,12.04,2.23,0.92
2017-05-26,11748.4911,8880.3888,2459.2979,2222412.0,0.91,,9.81,2.25,0.94
2017-06-02,11739.1927,8875.1084,2454.616,2221628.0,0.91,,9.75,2.15,0.98
2017-06-09,11727.8139,8874.508,2454.616,2272308.0,0.91,,10.7,2.21,1.01
2017-06-16,11715.6507,8876.924,2454.616,2274716.0,1.16,,10.38,2.16,1.03
2017-06-23,11718.6811,8894.4818,2454.616,2209820.0,1.16,,10.02,2.15,0.97
2017-06-30,11707.697,8892.6277,2454.616,2162742.0,1.06,,11.18,2.31,1.03
2017-07-07,11764.1073,8908.0173,2461.8227,2076340.0,1.16,,11.19,2.39,1.05
2017-07-14,11751.6364,8918.7501,2461.8227,2220769.0,1.16,,9.51,2.33,1.04
2017-07-21,11768.315,8928.1279,2461.8227,2254092.0,1.16,,9.36,2.24,1.16
2017-07-28,11802.4405,8935.1243,2461.8227,2280565.0,1.16,,10.29,2.3,1.08
2017-08-04,11803.232,8943.2271,2464.9695,2271315.0,1.16,,10.03,2.27,1.08
2017-08-11,11802.1743,8951.1042,2464.9695,2332293.0,1.16,,15.51,2.19,1.03
2017-08-18,11828.4993,8950.0544,2464.9695,2336388.0,1.16,,14.26,2.19,1.02
2017-08-25,11831.2615,8960.9288,2464.9695,2359640.0,1.16,,11.28,2.17,1.03
2017-09-01,11813.5261,8963.1011,2474.1928,2364546.0,1.16,,10.13,2.16,1.02
2017-09-08,11851.598,8976.7945,2474.1928,2366129.0,1.16,,12.12,2.06,1.04
2017-09-15,11861.4936,8974.2826,2474.1928,2358933.0,1.16,,10.17,2.2,1.05
2017-09-22,11873.548,9012.4289,2474.1928,2292801.0,1.16,,9.59,2.26,1.03
2017-09-29,11873.5579,9012.0284,2474.1928,2212709.0,1.06,,9.51,2.33,1.06
2017-10-06,11939.4334,9029.6833,2490.1248,2149215.0,1.16,,9.65,2.37,1.07
2017-10-13,11949.0151,9045.4506,2490.1248,2264498.0,1.16,,9.61,2.28,1.09
2017-10-20,11903.1585,9059.2792,2490.1248,2281294.0,1.16,,9.97,2.39,1.11
2017-10-27,11952.4151,9063.0841,2490.1248,2243832.0,1.16,,9.8,2.42,1.1
2017-11-03,11988.8048,9072.4594,2495.2653,2243215.0,1.16,,9.14,2.34,1.18
2017-11-10,11955.7262,9083.3647,2495.2653,2311929.0,1.16,,11.29,2.4,1.23
2017-11-17,11959.2129,9080.0068,2495.2653,2336255.0,1.16,,11.43,2.35,1.29
2017-11-24,11959.9602,9088.5138,2495.2653,2339907.0,1.16,,9.67,2.34,1.29
2017-12-01,11921.4853,9096.1396,2524.3375,2294895.0,1.16,,11.43,2.37,1.27
2017-12-08,11979.1599,9102.4695,2524.3375,2325090.0,1.16,,9.58,2.38,1.28
2017-12-15,11972.1736,9097.5864,2524.3375,2352562.0,1.41,,9.42,2.35,1.31
2017-12-22,11969.6584,9109.6149,2524.3375,2269164.0,1.42,,9.9,2.48,1.33
2017-12-29,11971.8372,9123.3741,2524.3375,2201425.0,1.33,,11.04,2.4,1.39
2018-01-05,11986.1962,9127.0044,2512.7791,2045930.0,1.42,,9.22,2.47,1.39
2018-01-12,11973.725,9132.898,2512.7791,2232897.0,1.42,,10.16,2.55,1.43
2018-01-19,12004.2915,9144.8838,2512.7791,2249899.0,1.42,,11.27,2.64,1.44
2018-01-26,12000.3868,9145.8759,2512.7791,2210944.0,1.42,,11.08,2.66,1.41
2018-02-02,12037.5087,9154.9413,2505.2757,2203630.0,1.42,,17.31,2.84,1.48
2018-02-09,11981.7822,9159.9185,2505.2757,2244845.0,1.42,,29.06,2.83,1.55
2018-02-16,11981.4941,9165.3422,2505.2757,2253929.0,1.42,,19.46,2.87,1.62
2018-02-23,11967.8153,9172.765,2505.2757,2223380.0,1.42,,16.49,2.88,1.64
2018-03-02,12043.7102,9184.5058,2506.2996,2232947.0,1.42,,19.59,2.86,1.65
2018-03-09,11998.5357,9180.6201,2506.2996,2252016.0,1.42,,14.64,2.9,1.67
2018-03-16,12022.7538,9186.2012,2506.2996,2204829.0,1.43,,15.8,2.85,1.78
2018-03-23,11972.3236,9189.6092,2506.2996,2123587.0,1.68,,24.87,2.82,1.74
2018-03-30,12044.9765,9212.7464,2506.2996,2113321.0,1.67,,19.97,2.74,1.73
2018-04-06,12076.6408,9257.5912,2510.8496,2094045.0,1.69,,21.49,2.77,1.73
2018-04-13,12090.8407,9273.927,2510.8496,2119965.0,1.69,,17.41,2.82,1.76
2018-04-20,12090.0568,9279.7796,2510.8496,2141390.0,1.7,,16.88,2.96,1.81
2018-04-27,12104.7381,9293.7829,2510.8496,2052590.0,1.7,,15.41,2.96,1.82
2018-05-04,12084.3636,9299.2105,2527.521,1994584.0,1.7,,14.77,2.95,1.84
2018-05-11,12112.0851,9298.6056,2527.521,2025750.0,1.7,,12.65,2.97,1.92
2018-05-18,12094.8587,9289.3682,2527.521,2036270.0,1.7,,13.42,3.06,1.91
2018-05-25,12141.8503,9297.1943,2527.521,2021946.0,1.7,,13.22,2.93,1.9
2018-06-01,12154.2843,9306.6625,2555.9414,2019681.0,1.7,,13.46,2.89,1.92
2018-06-08,12154.3976,9320.9544,2555.9414,2029579.0,1.7,,12.18,2.93,1.93
2018-06-15,12156.328,9322.5452,2555.9414,2057269.0,1.9,,11.98,2.93,1.94
2018-06-22,12169.5741,9363.6129,2555.9414,1971983.0,1.92,,13.77,2.9,1.93
2018-06-29,12186.3171,9362.4707,2555.9414,1940847.0,1.91,,16.09,2.85,1.93
2018-07-06,12223.0497,9353.1968,2566.2099,1917987.0,1.91,,13.37,2.82,1.97
2018-07-13,12198.1398,9373.4755,2566.2099,1958085.0,1.91,,12.18,2.83,1.98
2018-07-20,12186.7136,9372.1983,2566.2099,1967119.0,1.91,,12.86,2.89,1.99
2018-07-27,12237.3691,9379.9695,2566.2099,1947119.0,1.91,,13.03,2.96,2.0
2018-08-03,12244.2763,9381.3886,2566.8483,1937548.0,1.91,,11.64,2.95,2.01
2018-08-10,12223.8617,9377.0373,2566.8483,1951389.0,1.91,,13.16,2.87,2.05
2018-08-17,12247.4205,9384.4715,2566.8483,1922547.0,1.92,,12.64,2.87,2.05
2018-08-24,12246.2192,9398.4885,2566.8483,1883254.0,1.92,,11.99,2.82,2.09
2018-08-31,12230.8839,9404.0721,2566.8483,1883924.0,1.91,,12.86,2.86,2.11
2018-09-07,12241.2054,9420.3556,2572.0053,1895010.0,1.92,,14.88,2.94,2.14
2018-09-14,12243.2814,9427.0032,2572.0053,1920976.0,1.92,,12.07,2.99,2.16
2018-09-21,12272.8946,9433.3433,2572.0053,1879896.0,1.92,,11.68,3.07,2.18
2018-09-28,12319.3798,9439.2013,2572.0053,1832500.0,2.18,,12.12,3.05,2.19
2018-10-05,12308.8229,9467.1505,2573.3791,1801576.0,2.18,,14.82,3.23,2.23
2018-10-12,12324.4513,9469.5834,2573.3791,1865065.0,2.18,,21.31,3.15,2.28
2018-10-19,12297.0526,9472.0289,2573.3791,1853533.0,2.19,,19.89,3.2,2.31
2018-10-26,12321.6281,9485.3902,2573.3791,1817608.0,2.2,,24.16,3.08,2.33
2018-11-02,12311.6851,9498.2512,2593.4947,1802252.0,2.19,,19.51,3.22,2.33
2018-11-09,12268.1647,9492.3855,2593.4947,1826131.0,2.19,,17.36,3.19,2.36
2018-11-16,12281.0568,9508.0397,2593.4947,1801383.0,2.2,,18.14,3.08,2.36
2018-11-23,12286.292,9524.8076,2593.4947,1757729.0,2.2,,21.52,3.05,2.41
2018-11-30,12308.0632,9521.1615,2593.4947,1738659.0,2.2,,18.07,3.01,2.37
2018-12-07,12387.3877,9546.686,2666.2358,1738141.0,2.19,,23.23,2.85,2.4
2018-12-14,12339.0352,9560.0403,2666.2358,1735539.0,2.19,,21.63,2.89,2.42
2018-12-21,12381.4082,9564.4417,2666.2358,1699138.0,2.4,,30.11,2.79,2.39
2018-12-28,12456.7173,9599.4537,2666.2358,1661223.0,2.4,,28.34,2.72,2.4
2019-01-04,12470.7645,9623.3082,2703.4806,1621856.0,2.4,,21.38,2.67,2.42
2019-01-11,12469.031,9632.4449,2703.4806,1650387.0,2.4,,18.19,2.71,2.43
2019-01-18,12442.0728,9636.3569,2703.4806,1664138.0,2.4,,17.8,2.79,2.41
2019-01-25,12506.3652,9652.8118,2703.4806,1621876.0,2.4,,17.42,2.76,2.39
2019-02-01,12460.19,9646.7717,2717.4001,1617539.0,2.4,,16.14,2.7,2.4
2019-02-08,12511.7403,9663.033,2717.4001,1648553.0,2.4,,15.72,2.63,2.43
2019-02-15,12490.9184,9677.8117,2717.4001,1649973.0,2.4,,14.91,2.66,2.43
2019-02-22,12503.3696,9685.9738,2717.4001,1632580.0,2.4,,13.51,2.65,2.46
2019-03-01,12521.1452,9685.2203,2741.9802,1640750.0,2.4,,13.57,2.76,2.44
2019-03-08,12549.9699,9688.6571,2741.9802,1721614.0,2.4,,16.05,2.62,2.46
2019-03-15,12537.1876,9687.0852,2741.9802,1703948.0,2.4,,12.88,2.59,2.45
2019-03-22,12571.6327,9721.9909,2741.9802,1629731.0,2.41,,16.48,2.44,2.46
2019-03-29,12615.3487,9708.4593,2741.9802,1622282.0,2.43,,13.71,2.41,2.4
2019-04-05,12615.5241,9711.1118,2779.4374,1600398.0,2.41,,12.82,2.5,2.44
2019-04-12,12612.6473,9697.3187,2779.4374,1634591.0,2.41,,12.01,2.56,2.44
2019-04-19,12609.7988,9715.4264,2779.4374,1604479.0,2.44,,12.09,2.57,2.42
2019-04-26,12623.4107,9725.1435,2779.4374,1505430.0,2.44,,12.73,2.51,2.42
2019-05-03,12677.624,9744.8736,2800.5981,1461419.0,2.4,,12.87,2.54,2.43
2019-05-10,12660.8207,9747.9628,2800.5981,1484975.0,2.38,,16.04,2.47,2.43
2019-05-17,12720.5621,9767.5602,2800.5981,1509867.0,2.39,,15.96,2.39,2.39
2019-05-24,12668.5238,9779.8826,2800.5981,1518157.0,2.38,,15.85,2.32,2.35
2019-05-31,12677.2814,9772.413,2800.5981,1544711.0,2.4,,18.71,2.14,2.35
2019-06-07,12717.1856,9778.8551,2837.5215,1537089.0,2.37,,16.3,2.09,2.28
2019-06-14,12736.5858,9796.1091,2837.5215,1586963.0,2.36,,15.28,2.09,2.2
2019-06-21,12762.5051,9803.9296,2837.5215,1567955.0,2.38,,15.4,2.07,2.11
2019-06-28,12810.6613,9827.8841,2837.5215,1504737.0,2.4,,15.08,2.0,2.12
2019-07-05,12793.2804,9824.8997,2866.2322,1456496.0,2.42,,13.28,2.04,2.23
2019-07-12,12752.3907,9825.9108,2866.2322,1499806.0,2.38,,12.39,2.12,2.14
2019-07-19,12782.2153,9824.0466,2866.2322,1515664.0,2.41,,14.45,2.05,2.06
2019-07-26,12809.6858,9839.2099,2866.2322,1518322.0,2.4,,12.16,2.08,2.12
2019-08-02,12824.2129,9855.1586,2907.5297,1534523.0,2.14,,17.61,1.86,2.06
2019-08-09,12834.788,9868.4462,2907.5297,1539244.0,2.12,,17.97,1.74,2.0
2019-08-16,12816.3051,9872.9658,2907.5297,1550406.0,2.13,,18.47,1.55,1.87
2019-08-23,12818.8548,9895.5444,2907.5297,1516045.0,2.12,,19.87,1.52,1.97
2019-08-30,12849.6993,9883.3019,2907.5297,1498680.0,2.13,,18.98,1.5,1.99
2019-09-06,12894.8526,9893.3024,2978.6866,1487555.0,2.12,,15.0,1.55,1.96
2019-09-13,12869.2624,9896.1392,2978.6866,1456796.0,2.14,,13.74,1.9,1.96
2019-09-20,12910.8669,9914.6744,2978.6866,1394122.0,1.9,,15.32,1.74,1.91
2019-09-27,12978.7192,9933.9739,2978.6866,1400171.0,1.83,,17.22,1.69,1.8
2019-10-04,13038.6843,9931.5224,2985.5875,1469200.0,1.82,,17.04,1.52,1.71
2019-10-11,13038.718,9932.5326,2985.5875,1506455.0,1.82,,15.58,1.76,1.68
2019-10-18,13066.2458,9956.0773,2985.5875,1480368.0,1.85,,14.25,1.76,1.66
2019-10-25,13066.9732,9962.8819,2985.5875,1449043.0,1.83,,12.65,1.8,1.66
2019-11-01,13039.333,9972.4275,3005.2742,1483702.0,1.57,,12.3,1.73,1.52
2019-11-08,13097.89,9982.6791,3005.2742,1523939.0,1.55,,12.07,1.94,1.55
2019-11-15,13136.2048,9978.9662,3005.2742,1532316.0,1.55,,12.05,1.84,1.57
2019-11-22,13148.1216,9989.2274,3005.2742,1518759.0,1.55,,12.34,1.77,1.58
2019-11-29,13185.0886,10012.0568,3005.2742,1526697.0,1.56,,12.62,1.78,1.59
2019-12-06,13172.3183,10008.5925,3003.1056,1573261.0,1.55,,13.62,1.84,1.53
2019-12-13,13202.1585,10044.9618,3003.1056,1638657.0,1.55,,12.63,1.82,1.57
2019-12-20,13196.85,10029.0935,3003.1056,1660249.0,1.55,,12.51,1.92,1.58
2019-12-27,13195.7402,10030.9663,3003.1056,1651927.0,1.55,,13.43,1.88,1.57
2020-01-03,13203.8815,10031.2368,3000.2912,1615846.0,1.55,,14.02,1.8,1.52
2020-01-10,13263.8137,10044.682,3000.2912,1654086.0,1.54,,12.56,1.83,1.54
2020-01-17,13299.4829,10039.7269,3000.2912,1686801.0,1.55,,12.1,1.84,1.56
2020-01-24,13297.1658,10053.5163,3000.2912,1621689.0,1.55,,14.56,1.7,1.54
2020-01-31,13285.0963,10054.1256,3000.2912,1616342.0,1.59,,18.84,1.51,1.55
2020-02-07,13328.8042,10069.3556,3034.4242,1645016.0,1.58,,15.47,1.59,1.56
2020-02-14,13330.4102,10063.9663,3034.4242,1675566.0,1.58,,13.68,1.59,1.58
2020-02-21,13372.7309,10088.0947,3034.4242,1654118.0,1.58,,17.08,1.46,1.56
2020-02-28,13351.5317,10086.0739,3034.4242,1626469.0,1.58,,40.11,1.13,1.27
2020-03-06,13447.8538,10112.1704,3152.9852,1698855.0,1.09,,41.94,0.74,0.45
2020-03-13,13482.4839,10152.6371,3152.9852,1744525.0,1.1,,57.83,0.94,0.28
2020-03-20,13763.1842,10398.4289,3152.9852,1895588.0,0.15,,66.04,0.92,0.05
2020-03-27,14119.0871,10631.4572,3152.9852,2186971.0,0.1,,65.54,0.72,0.03
2020-04-03,14265.74,10720.3357,3148.3408,2533908.0,0.05,,46.8,0.62,0.1
2020-04-10,14249.405,10724.9446,3148.3408,2760451.0,0.05,,41.67,0.73,0.25
2020-04-17,14622.9659,10748.6136,3148.3408,2919041.0,0.05,,38.15,0.65,0.12
2020-04-24,14868.0643,10817.3155,3148.3408,3103504.0,0.05,,35.93,0.6,0.12
2020-05-01,15001.706,10840.3276,3179.0631,3159142.0,0.05,,37.19,0.64,0.12
2020-05-08,15178.674,10878.6765,3179.0631,3158938.0,0.05,,27.98,0.69,0.12
2020-05-15,15267.4928,10874.5139,3179.0631,3156929.0,0.05,,31.89,0.64,0.12
2020-05-22,15320.6948,10831.463,3179.0631,3273303.0,0.05,,28.16,0.66,0.12
2020-05-29,15360.6722,10801.0155,3179.0631,3268144.0,0.05,,27.51,0.65,0.14
2020-06-05,15362.3468,10758.6007,3305.7658,3237461.0,0.07,,24.52,0.91,0.15
2020-06-12,15435.1583,10735.8932,3305.7658,3182228.0,0.08,,36.09,0.71,0.16
2020-06-19,15511.9841,10692.556,3305.7658,3078491.0,0.09,,35.12,0.7,0.15
2020-06-26,15567.4853,10652.9869,3305.7658,2918756.0,0.08,,34.73,0.64,0.14
2020-07-03,15545.3665,10619.5081,3415.0388,2884819.0,0.09,,27.68,0.68,0.14
2020-07-10,15588.3719,10619.4214,3415.0388,2813967.0,0.09,,27.29,0.65,0.13
2020-07-17,15597.7479,10616.8173,3415.0388,2777603.0,0.09,,25.68,0.64,0.11
2020-07-24,15494.0976,10605.4672,3415.0388,2631780.0,0.09,,25.84,0.59,0.11
2020-07-31,15440.2436,10577.2229,3415.0388,2615272.0,0.1,,24.46,0.55,0.09
2020-08-07,15506.4536,10576.3604,3486.8204,2713287.0,0.1,,22.21,0.57,0.1
2020-08-14,15517.3327,10574.6402,3486.8204,2788961.0,0.1,,22.05,0.71,0.1
2020-08-21,15539.9899,10547.3363,3486.8204,2827685.0,0.09,,22.54,0.64,0.1
2020-08-28,15554.7769,10538.3978,3486.8204,2815794.0,0.09,,22.96,0.74,0.1
2020-09-04,15592.1413,10522.7249,3557.9835,2851916.0,0.09,,30.75,0.72,0.11
2020-09-11,15652.4245,10526.3544,3557.9835,2857463.0,0.09,,26.87,0.67,0.11
2020-09-18,15730.509,10511.9888,3557.9835,2885412.0,0.09,,25.83,0.7,0.1
2020-09-25,15714.8074,10503.4082,3557.9835,2830499.0,0.09,,26.38,0.66,0.1
2020-10-02,15681.2661,10488.5083,3612.5978,2839316.0,0.09,,27.63,0.7,0.09
2020-10-09,15691.1986,10470.2007,3612.5978,2840860.0,0.09,,25.0,0.79,0.1
2020-10-16,15794.1823,10446.6067,3612.5978,2861929.0,0.09,,27.41,0.76,0.11
2020-10-23,15794.2317,10447.1114,3612.5978,2860480.0,0.09,,27.55,0.85,0.1
2020-10-30,15829.9159,10421.5796,3612.5978,2880781.0,0.09,,38.02,0.88,0.09
2020-11-06,15880.4889,10406.8578,3705.0164,2966737.0,0.09,,24.86,0.83,0.1
2020-11-13,15878.1898,10420.0731,3705.0164,2976170.0,0.09,,23.1,0.89,0.09
2020-11-20,15901.6445,10383.5193,3705.0164,3043822.0,0.08,,23.7,0.83,0.07
2020-11-27,15979.9602,10362.5345,3705.0164,3083636.0,0.08,,20.84,0.84,0.09
2020-12-04,15970.4717,10348.5228,3757.7718,3117307.0,0.09,,20.79,0.97,0.09
2020-12-11,15999.426,10339.9725,3757.7718,3117480.0,0.09,,23.31,0.9,0.08
2020-12-18,16031.3609,10341.2224,3757.7718,3168240.0,0.09,,21.57,0.95,0.08
2020-12-25,16020.4948,10340.2416,3757.7718,3143041.0,0.09,,21.53,0.94,0.09
2021-01-01,16073.7029,10343.0347,3826.8822,3122156.0,0.09,,22.75,0.93,0.09
2021-01-08,16123.5797,10340.1817,3826.8822,3068284.0,0.09,,21.56,1.13,0.08
2021-01-15,16155.2825,10326.3746,3826.8822,3183917.0,0.09,,24.34,1.11,0.09
2021-01-22,16164.5925,10320.0327,3826.8822,3154624.0,0.08,,21.91,1.1,0.08
2021-01-29,16258.3162,10328.1467,3826.8822,3163008.0,0.07,,33.09,1.11,0.06
2021-02-05,16287.4218,10346.8285,3903.3212,3193118.0,0.08,,20.87,1.19,0.03
2021-02-12,16336.3655,10362.9947,3903.3212,3258919.0,0.08,,19.97,1.2,0.04
2021-02-19,16430.3314,10375.5036,3903.3212,3378907.0,0.07,,22.05,1.34,0.04
2021-02-26,16404.8092,10379.9761,3903.3212,3369020.0,0.07,,27.95,1.44,0.04
2021-03-05,16471.2204,10383.8392,3991.6324,3503120.0,0.07,,24.66,1.56,0.04
2021-03-12,16527.6625,10389.0343,3991.6324,3592010.0,0.07,,20.69,1.64,0.04
2021-03-19,16712.6283,10357.6735,3991.6324,3681030.0,0.07,,20.95,1.74,0.01
2021-03-26,16726.8998,10366.3275,3991.6324,3826375.0,0.07,,18.86,1.67,0.02
2021-04-02,16727.3915,10366.4244,4065.0214,3876162.0,0.07,,17.33,1.72,0.02
2021-04-09,16779.2392,10356.7896,4065.0214,3932949.0,0.07,,16.69,1.67,0.02
2021-04-16,16877.7811,10341.3655,4065.0214,3977813.0,0.07,,16.25,1.59,0.02
2021-04-23,16889.8412,10329.8913,4065.0214,3825455.0,0.07,,17.33,1.58,0.03
2021-04-30,16968.961,10342.6855,4065.0214,3829269.0,0.05,,18.61,1.65,0.01
2021-05-07,17059.0623,10353.2718,4151.0504,3873728.0,0.06,,16.69,1.6,0.02
2021-05-14,17116.4173,10373.1203,4151.0504,3947565.0,0.06,,18.81,1.63,0.01
2021-05-21,17097.0539,10373.844,4151.0504,3919807.0,0.06,,20.15,1.63,0.01
2021-05-28,17066.9343,10367.2479,4151.0504,3805178.0,0.05,,16.76,1.58,0.01
2021-06-04,17080.2992,10355.8401,4208.3478,3814127.0,0.06,,16.42,1.56,0.02
2021-06-11,17173.6155,10366.163,4208.3478,3874371.0,0.06,,15.65,1.47,0.03
2021-06-18,17120.1873,10327.6331,4208.3478,3940038.0,0.1,,20.7,1.45,0.05
2021-06-25,17098.2911,10322.3745,4208.3478,3808042.0,0.1,,15.62,1.54,0.06
2021-07-02,17052.2915,10351.5112,4245.7533,3780791.0,0.1,,15.07,1.44,0.05
2021-07-09,17132.026,10356.0172,4245.7533,3870568.0,0.1,,16.18,1.37,0.06
2021-07-16,17203.3052,10361.6976,4245.7533,3903058.0,0.1,,18.45,1.31,0.05
2021-07-23,17262.6364,10373.964,4245.7533,3972940.0,0.1,,17.2,1.3,0.05
2021-07-30,17248.899,10392.7459,4245.7533,3984371.0,0.07,,18.24,1.24,0.06
2021-08-06,17272.1195,10401.6563,4288.5582,4005578.0,0.1,,16.15,1.31,0.06
2021-08-13,17326.2781,10409.4813,4288.5582,4090506.0,0.1,,15.45,1.29,0.06
2021-08-20,17392.0664,10410.5597,4288.5582,4186711.0,0.09,,18.56,1.26,0.05
2021-08-27,17447.986,10422.7822,4288.5582,4167748.0,0.08,,16.39,1.31,0.05
2021-09-03,17495.8185,10442.1195,4353.715,4193981.0,0.08,,16.41,1.33,0.05
2021-09-10,17475.8295,10447.1306,4353.715,4250506.0,0.08,,20.95,1.35,0.05
2021-09-17,17556.4376,10453.4686,4353.715,4271184.0,0.08,,20.81,1.37,0.04
2021-09-24,17523.3192,10442.6916,4353.715,4156747.0,0.08,,17.75,1.47,0.03
2021-10-01,17535.0028,10466.463,4466.3056,4125348.0,0.08,,21.15,1.48,0.04
2021-10-08,17589.5144,10473.3645,4466.3056,4130050.0,0.08,,18.77,1.61,0.05
2021-10-15,17610.385,10499.2535,4466.3056,4194503.0,0.08,,16.3,1.59,0.05
2021-10-22,17670.7053,10507.9825,4466.3056,4134714.0,0.08,,15.43,1.66,0.06
2021-10-29,17708.4192,10517.5643,4466.3056,4077170.0,0.07,,16.26,1.55,0.05
2021-11-05,17735.7286,10553.3515,4531.3759,4086336.0,0.08,,16.48,1.45,0.05
2021-11-12,17766.2918,10560.0132,4531.3759,4169041.0,0.08,,16.29,1.58,0.05
2021-11-19,17807.1177,10582.2324,4531.3759,4209802.0,0.08,,17.91,1.54,0.05
2021-11-26,17851.2185,10600.1581,4531.3759,4162810.0,0.08,,28.62,1.48,0.06
2021-12-03,17887.6006,10631.8758,4577.6365,4224865.0,0.08,,30.67,1.35,0.06
2021-12-10,17880.7807,10656.31,4577.6365,4275806.0,0.08,,18.69,1.48,0.06
2021-12-17,17914.9975,10692.474,4577.6365,4251431.0,0.08,,21.57,1.41,0.05
2021-12-24,17933.1537,10728.6353,4577.6365,4185009.0,0.08,,17.96,1.5,0.07
2021-12-31,17897.9198,10762.5992,4577.6365,4116196.0,0.07,,17.22,1.52,0.06
2022-01-07,17961.1608,10772.1214,4663.2152,3859731.0,0.08,,18.76,1.76,0.1
2022-01-14,17959.817,10787.0669,4663.2152,3973554.0,0.08,,19.19,1.78,0.13
2022-01-21,18017.5082,10785.7615,4663.2152,3932521.0,0.08,,28.85,1.75,0.17
2022-01-28,18008.3943,10792.2313,4663.2152,3796174.0,0.08,,27.66,1.78,0.19
2022-02-04,18006.3662,10801.294,4697.8833,3789714.0,0.08,,23.22,1.93,0.23
2022-02-11,18038.1522,10818.4583,4697.8833,3771911.0,0.08,,27.36,1.92,0.36
2022-02-18,18027.0575,10829.0898,4697.8833,3799973.0,0.08,,27.75,1.92,0.35
2022-02-25,18079.3382,10856.0027,4697.8833,3769869.0,0.08,,27.59,1.97,0.33
2022-03-04,18090.7588,10900.3015,4694.2719,3844716.0,0.08,,31.98,1.74,0.34
2022-03-11,18072.145,10932.4616,4694.2719,3959659.0,0.08,,30.75,2.0,0.4
2022-03-18,18087.3277,10949.2751,4694.2719,3961721.0,0.33,,23.87,2.14,0.42
2022-03-25,18077.3378,10976.3329,4694.2719,3801095.0,0.33,,20.81,2.48,0.55
2022-04-01,18104.2675,11003.5827,4685.0858,3829680.0,0.33,,19.63,2.39,0.53
2022-04-08,18135.436,11021.3827,4685.0858,3834183.0,0.33,,21.16,2.72,0.7
2022-04-15,18184.2151,11055.6367,4685.0858,3823644.0,0.33,,22.7,2.83,0.79
2022-04-22,18084.9831,11093.8758,4685.0858,3652101.0,0.33,,28.21,2.9,0.83
2022-04-29,18109.1671,11110.979,4685.0858,3331982.0,0.33,,33.4,2.89,0.85
2022-05-06,18119.7277,11141.7405,4671.6766,3296085.0,0.83,,30.19,3.12,0.85
2022-05-13,18070.9557,11187.0051,4671.6766,3288552.0,0.83,,28.87,2.93,1.03
2022-05-20,18079.6187,11209.4378,4671.6766,3356377.0,0.83,,29.43,2.78,1.03
2022-05-27,18130.8727,11250.9848,4671.6766,3306180.0,0.83,,25.72,2.74,1.08
2022-06-03,18101.2962,11284.6047,4645.0168,3322030.0,0.83,,24.79,2.96,1.21
2022-06-10,18035.0988,11320.6,4645.0168,3339405.0,0.83,,27.75,3.15,1.39
2022-06-17,18013.5154,11350.5964,4645.0168,3283954.0,1.58,,31.13,3.25,1.63
2022-06-24,18054.449,11396.5154,4645.0168,3147556.0,1.58,,27.23,3.13,1.73
2022-07-01,18000.5233,11410.3922,4615.8054,3130087.0,1.58,,26.7,2.88,1.73
2022-07-08,17992.3668,11432.4412,4615.8054,3190627.0,1.58,,24.64,3.09,1.98
2022-07-15,18016.7966,11459.4066,4615.8054,3273436.0,1.58,,24.23,2.93,2.37
2022-07-22,18023.1446,11493.5679,4615.8054,3284324.0,1.58,,23.03,2.77,2.49
2022-07-29,18073.2989,11511.2564,4615.8054,3256875.0,2.32,,21.33,2.67,2.41
2022-08-05,17989.6058,11529.5336,4585.0926,3259011.0,2.33,,21.15,2.83,2.58
2022-08-12,18028.1601,11564.521,4585.0926,3348147.0,2.33,,19.53,2.84,2.63
2022-08-19,18025.1154,11584.1726,4585.0926,3346750.0,2.33,,20.6,2.98,2.74
2022-08-26,18051.2897,11604.9633,4585.0926,3307365.0,2.33,,25.56,3.04,2.89
2022-09-02,18012.7435,11622.9607,4522.0114,3248654.0,2.33,,25.47,3.2,2.94
2022-09-09,17943.6603,11631.8277,4522.0114,3285498.0,2.33,,22.79,3.33,3.08
2022-09-16,17962.6249,11665.0679,4522.0114,3234928.0,2.33,,26.3,3.45,3.2
2022-09-23,17944.9337,11701.8782,4522.0114,3104032.0,3.08,,29.92,3.69,3.24
2022-09-30,17871.7759,11710.4641,4522.0114,2960598.0,3.08,,31.62,3.83,3.33
2022-10-07,17805.3521,11747.9552,4422.3171,2972874.0,3.08,,31.36,3.89,3.45
2022-10-14,17793.7012,11774.6196,4422.3171,3087912.0,3.08,,32.02,4.0,3.81
2022-10-21,17775.7751,11784.8257,4422.3171,3092044.0,3.08,,29.69,4.21,4.09
2022-10-28,17807.7094,11809.7685,4422.3171,3042838.0,3.08,,25.75,4.02,4.18
2022-11-04,17735.9235,11837.9126,4388.423,3062727.0,3.83,,24.55,4.17,4.21
2022-11-11,17748.4034,11852.4548,4388.423,3067888.0,3.83,,22.52,3.82,4.28
2022-11-18,17754.9905,11872.3202,4388.423,3128277.0,3.83,,23.12,3.82,4.34
2022-11-25,17770.7389,11893.044,4388.423,3160730.0,3.83,,20.5,3.68,4.41
2022-12-02,17698.1126,11896.6316,4376.3501,3168995.0,3.83,,19.06,3.51,4.34
2022-12-09,17784.8586,11981.2825,4376.3501,3199048.0,3.83,,22.83,3.57,4.31
2022-12-16,17770.6712,11993.8389,4376.3501,3188634.0,4.33,,22.62,3.48,4.31
2022-12-23,17768.4052,11993.8433,4376.3501,3088621.0,4.33,,20.87,3.75,4.34
2022-12-30,17739.1298,11987.7635,4376.3501,3017889.0,4.33,,21.67,3.88,4.42
2023-01-06,17775.5757,12011.3785,4350.0073,2830144.0,4.33,,21.13,3.55,4.67
2023-01-13,17687.8188,12015.5779,4350.0073,3081237.0,4.33,,18.35,3.49,4.67
2023-01-20,17731.0293,12041.5616,4350.0073,3147332.0,4.33,,19.85,3.48,4.72
2023-01-27,17734.9409,12062.7299,4350.0073,3031889.0,4.33,,18.51,3.52,4.73
2023-02-03,17724.9474,12081.9223,4340.7991,3015506.0,4.58,,18.33,3.53,4.7
2023-02-10,17683.2177,12082.5515,4340.7991,3037584.0,4.58,,20.53,3.74,4.79
2023-02-17,17700.3733,12100.3133,4340.7991,3041038.0,4.58,,20.02,3.82,4.84
2023-02-24,17670.5785,12094.1178,4340.7991,3016577.0,4.58,,21.67,3.95,4.86
2023-03-03,17662.3523,12107.4297,4235.2798,2998303.0,4.57,,18.49,3.97,4.91
2023-03-10,17576.7718,12100.1813,4235.2798,2999720.0,4.57,,24.8,3.7,5.01
2023-03-17,17438.2301,12158.3422,4235.2798,3251482.0,4.58,,25.51,3.39,4.52
2023-03-24,17310.8227,12102.2336,4235.2798,3425075.0,4.83,,21.74,3.38,4.74
2023-03-31,17242.2485,12094.1585,4235.2798,3437592.0,4.83,,18.7,3.48,4.85
2023-04-07,17260.3381,12089.046,4139.5511,3292058.0,4.83,,18.4,3.39,4.95
2023-04-14,17209.8649,12080.6535,4139.5511,3413989.0,4.83,,17.07,3.52,5.14
2023-04-21,17255.1739,12088.8072,4139.5511,3303152.0,4.83,,16.77,3.57,5.14
2023-04-28,17209.3617,12105.086,4139.5511,3135655.0,4.83,,15.78,3.44,5.1
2023-05-05,17230.4682,12098.4109,4109.8717,3089706.0,5.08,,17.19,3.44,5.26
2023-05-12,17212.9273,12110.2332,4109.8717,3196429.0,5.08,,17.03,3.46,5.25
2023-05-19,17231.0295,12112.916,4109.8717,3248878.0,5.08,,16.81,3.7,5.29
2023-05-26,17287.2962,12115.4169,4109.8717,3240172.0,5.08,,17.95,3.8,5.34
2023-06-02,17327.2462,12120.7915,4087.0583,3309447.0,5.08,,14.6,3.69,5.5
2023-06-09,17257.7771,12085.6314,4087.0583,3349751.0,5.08,,13.83,3.75,5.37
2023-06-16,17272.8621,12097.1799,4087.0583,3325261.0,5.08,,13.54,3.77,5.34
2023-06-23,17304.4159,12107.071,4087.0583,3251558.0,5.07,,13.44,3.74,5.41
2023-06-30,17294.6911,12089.8081,4087.0583,3171567.0,5.08,,13.59,3.81,5.43
2023-07-07,17345.8928,12092.2374,4061.092,3114989.0,5.08,,14.83,4.06,5.46
2023-07-14,17280.6914,12104.2995,4061.092,3166607.0,5.08,,13.34,3.83,5.49
2023-07-21,17312.7809,12119.7764,4061.092,3230457.0,5.08,,13.6,3.84,5.5
2023-07-28,17305.0858,12127.8594,4061.092,3172244.0,5.33,,13.33,3.96,5.52
2023-08-04,17326.0344,12147.5207,4036.5088,3189533.0,5.33,,17.1,4.05,5.54
2023-08-11,17334.5984,12150.9429,4036.5088,3222856.0,5.33,,14.84,4.16,5.54
2023-08-18,17292.6264,12171.132,4036.5088,3245971.0,5.33,,17.3,4.26,5.55
2023-08-25,17337.2801,12185.0146,4036.5088,3186789.0,5.33,,15.68,4.25,5.61
2023-09-01,17275.6532,12191.0619,4039.9445,3238345.0,5.33,,13.09,4.18,5.53
2023-09-08,17300.2798,12199.1795,4039.9445,3307291.0,5.33,,13.84,4.26,5.55
2023-09-15,17295.8381,12204.7685,4039.9445,3335459.0,5.33,,13.79,4.33,5.56
2023-09-22,17343.9355,12210.5689,4039.9445,3231649.0,5.33,,17.2,4.44,5.56
2023-09-29,17343.7499,12214.2997,4039.9445,3170324.0,5.33,,17.52,4.59,5.55
2023-10-06,17346.1913,12243.9719,4003.1513,3145720.0,5.33,4.33,17.45,4.78,5.63
2023-10-13,17358.4039,12258.1895,4003.1513,3288945.0,5.33,4.3,19.32,4.63,5.62
2023-10-20,17281.5281,12253.6948,4003.1513,3353881.0,5.33,4.52,21.71,4.93,5.58
2023-10-27,17333.2098,12276.2621,4003.1513,3261886.0,5.33,4.53,21.27,4.84,5.59
2023-11-03,17374.5808,12258.0459,4008.775,3267216.0,5.33,4.04,14.91,4.57,5.53
2023-11-10,17331.2952,12252.9748,4008.775,3328908.0,5.33,4.03,14.17,4.61,5.53
2023-11-17,17370.8018,12256.8326,4008.775,3391713.0,5.33,3.99,13.8,4.44,5.5
2023-11-24,17377.1174,12275.0475,4008.775,3453853.0,5.33,3.85,12.46,4.47,5.54
2023-12-01,17316.9113,12282.5189,4071.5663,3441581.0,5.33,3.87,12.63,4.22,5.43
2023-12-08,17363.3033,12280.9394,4071.5663,3513374.0,5.33,3.75,12.35,4.23,5.44
2023-12-15,17368.3073,12274.1688,4071.5663,3540619.0,5.33,3.51,12.28,3.91,5.44
2023-12-22,17418.5043,12269.1176,4071.5663,3536105.0,5.33,3.39,13.03,3.9,5.44
2023-12-29,17436.0761,12264.3694,4071.5663,3446459.0,5.33,3.34,12.45,3.88,5.4
2024-01-05,17453.0382,12268.1638,4090.9255,3262895.0,5.33,3.68,13.35,4.05,5.47
2024-01-12,17403.8251,12287.0173,4090.9255,3498748.0,5.33,3.56,12.7,3.96,5.45
2024-01-19,17460.3771,12294.315,4090.9255,3611719.0,5.33,3.54,13.3,4.15,5.45
2024-01-26,17425.087,12296.5849,4090.9255,3526683.0,5.33,3.39,13.26,4.15,5.44
2024-02-02,17525.9189,12332.5139,4096.0488,3526230.0,5.33,3.47,13.85,4.03,5.43
2024-02-09,17480.1003,12319.3711,4096.0488,3599323.0,5.33,3.33,12.93,4.17,5.44
2024-02-16,17508.7165,12338.7988,4096.0488,3540945.0,5.33,3.34,14.24,4.3,5.44
2024-02-23,17462.3164,12335.1987,4096.0488,3565999.0,5.33,3.23,13.75,4.26,5.46
2024-03-01,17493.5001,12355.3649,4206.5374,3567552.0,5.33,3.32,13.11,4.19,5.42
2024-03-08,17522.701,12335.8714,4206.5374,3626176.0,5.33,3.26,14.74,4.09,5.46
2024-03-15,17547.7194,12341.9575,4206.5374,3624633.0,5.33,3.16,14.41,4.31,5.48
2024-03-22,17562.0182,12342.4916,4206.5374,3553424.0,5.33,3.08,13.06,4.22,5.46
2024-03-29,17585.7191,12349.0562,4206.5374,3496121.0,5.33,3.12,13.01,4.2,5.46
2024-04-05,17527.9694,12340.8812,4174.2142,3414288.0,5.33,3.18,16.03,4.39,5.43
2024-04-12,17541.0497,12339.3107,4174.2142,3586845.0,5.33,3.25,17.31,4.5,5.45
2024-04-19,17444.0119,12341.1924,4174.2142,3522717.0,5.33,3.37,18.71,4.62,5.45
2024-04-26,17555.1434,12357.9706,4174.2142,3324363.0,5.33,3.16,15.03,4.67,5.46
2024-05-03,17561.9684,12378.3736,4183.2029,3252733.0,5.33,3.08,13.49,4.5,5.45
2024-05-10,17548.4239,12385.5875,4183.2029,3331156.0,5.33,3.12,12.55,4.5,5.47
2024-05-17,17584.9188,12392.9993,4183.2029,3369747.0,5.33,3.09,11.99,4.42,5.46
2024-05-24,17576.4444,12382.9868,4183.2029,3390794.0,5.33,3.11,11.93,4.46,5.46
2024-05-31,17547.1163,12385.632,4183.2029,3409342.0,5.33,3.2,12.92,4.51,5.46
2024-06-07,17583.3202,12396.3347,4240.5374,3408310.0,5.33,3.15,12.22,4.43,5.52
2024-06-14,17576.6624,12403.6021,4240.5374,3455134.0,5.33,3.29,12.66,4.2,5.51
2024-06-21,17617.0313,12415.8748,4240.5374,3434274.0,5.33,3.21,13.2,4.25,5.49
2024-06-28,17583.8316,12424.2871,4240.5374,3302647.0,5.33,3.18,12.44,4.36,5.48
2024-07-05,17542.4797,12424.3788,4278.2232,3184180.0,5.33,3.27,12.48,4.28,5.46
2024-07-12,17565.4299,12427.4516,4278.2232,3341977.0,5.33,3.19,12.46,4.18,5.43
2024-07-19,17574.2637,12433.7158,4278.2232,3331425.0,5.33,3.09,16.52,4.25,5.43
2024-07-26,17588.7977,12446.6324,4278.2232,3308580.0,5.33,3.1,16.39,4.2,5.38
2024-08-02,17660.6464,12459.1701,4317.1732,3293519.0,5.33,3.72,23.39,3.8,5.29
2024-08-09,17616.5713,12457.4689,4317.1732,3351662.0,5.33,3.49,20.37,3.94,5.33
2024-08-16,17634.6999,12464.9636,4317.1732,3346138.0,5.33,3.29,14.8,3.89,5.33
2024-08-23,17653.3136,12478.2958,4317.1732,3355586.0,5.33,3.19,15.86,3.81,5.25
2024-08-30,17655.9072,12471.3352,4317.1732,3313566.0,5.33,3.13,15.0,3.91,5.21
2024-09-06,17708.5477,12477.5527,4353.6901,3243002.0,5.33,3.39,22.38,3.72,5.13
2024-09-13,17696.1233,12483.8595,4353.6901,3320818.0,5.33,3.37,16.56,3.66,4.97
2024-09-20,17741.9058,12498.4592,4353.6901,3313281.0,4.83,3.15,16.15,3.73,4.75
2024-09-27,17733.3916,12502.669,4353.6901,3169149.0,4.83,3.14,16.96,3.75,4.68
2024-10-04,17779.7987,12509.0174,4389.2422,3089598.0,4.83,2.89,19.21,3.98,4.73
2024-10-11,17747.4217,12510.9681,4389.2422,3186207.0,4.83,2.98,20.46,4.08,4.73
2024-10-18,17811.4228,12533.3457,4389.2422,3209877.0,4.83,2.88,18.03,4.08,4.73
2024-10-25,17808.3522,12541.3365,4389.2422,3230145.0,4.83,2.89,20.33,4.25,4.73
2024-11-01,17856.7031,12556.2947,4397.1919,3236958.0,4.83,2.83,21.88,4.37,4.61
2024-11-08,17850.3333,12544.9781,4397.1919,3274120.0,4.58,2.63,14.94,4.3,4.63
2024-11-15,17845.1866,12561.0688,4397.1919,3244149.0,4.58,2.72,16.14,4.43,4.6
2024-11-22,17813.0391,12558.1264,4397.1919,3286885.0,4.58,2.61,15.24,4.41,4.63
2024-11-29,17894.3716,12571.7044,4397.1919,3227674.0,4.58,2.72,13.51,4.18,4.58
2024-12-06,17857.6825,12577.4464,4405.0166,3225075.0,4.58,2.67,12.77,4.15,4.42
2024-12-13,17866.3651,12599.9226,4405.0166,3264559.0,4.58,2.68,13.81,4.4,4.34
2024-12-20,17834.8623,12600.642,4405.0166,3282229.0,4.33,2.86,18.36,4.52,4.34
2024-12-27,17879.0705,12610.0464,4405.0166,3247382.0,4.33,2.84,15.95,4.62,4.31
2025-01-03,17815.3458,12600.4743,4392.9048,3095997.0,4.33,2.81,16.13,4.6,4.34
2025-01-10,17910.2887,12610.6079,4392.9048,3254743.0,4.33,2.81,19.54,4.77,4.36
2025-01-17,17917.8366,12614.3112,4392.9048,3340816.0,4.33,2.64,15.97,4.61,4.34
2025-01-24,17988.001,12644.5063,4392.9048,3332278.0,4.33,2.6,14.85,4.63,4.35
2025-01-31,17931.5054,12640.1945,4392.9048,3224785.0,4.33,2.68,16.43,4.58,4.31
2025-02-07,17941.2935,12642.6025,4406.8748,3177065.0,4.33,2.67,16.54,4.49,4.35
2025-02-14,17931.8684,12656.8411,4406.8748,3220027.0,4.33,2.62,14.77,4.47,4.34
2025-02-21,17982.5713,12686.7918,4406.8748,3270082.0,4.33,2.78,18.21,4.42,4.32
2025-02-28,17972.2277,12691.5167,4406.8748,3327249.0,4.33,2.87,19.63,4.24,4.32
2025-03-07,17982.3371,12707.4104,4446.1687,3312625.0,4.33,2.97,23.37,4.32,4.34
2025-03-14,17996.5475,12719.5391,4446.1687,3400235.0,4.33,3.25,21.77,4.31,4.33
2025-03-21,18034.7938,12730.5963,4446.1687,3467789.0,4.33,3.21,19.28,4.25,4.33
2025-03-28,18048.0132,12737.2307,4446.1687,3450933.0,4.33,3.47,21.65,4.27,4.33
2025-04-04,18079.792,12733.3355,4521.7379,3379339.0,4.33,4.45,45.31,4.01,4.28
2025-04-11,18053.9265,12761.2944,4521.7379,3474682.0,4.33,4.26,37.56,4.48,4.34
2025-04-18,18080.9049,12800.5371,4521.7379,3452030.0,4.33,4.02,29.65,4.34,4.34
2025-04-25,18087.2116,12810.3615,4521.7379,3256734.0,4.33,3.67,24.84,4.29,4.32
2025-05-02,18102.9839,12830.7638,4551.4204,3219214.0,4.33,3.6,22.68,4.33,4.33
2025-05-09,18110.9944,12825.2464,4551.4204,3218636.0,4.33,3.53,21.9,4.37,4.34
2025-05-16,18131.5269,12840.9331,4551.4204,3235723.0,4.33,3.16,17.24,4.43,4.37
2025-05-23,18147.4557,12859.2293,4551.4204,3289469.0,4.33,3.4,22.29,4.51,4.36
2025-05-30,18156.2396,12861.9282,4551.4204,3270661.0,4.33,3.31,18.57,4.41,4.36
2025-06-06,18163.4042,12868.1528,4573.6575,3294381.0,4.33,3.09,16.77,4.51,4.43
2025-06-13,18205.9306,12885.4417,4573.6575,3407108.0,4.33,3.18,20.82,4.41,4.45
2025-06-20,18168.4107,12903.9684,4573.6575,3406366.0,4.33,3.13,20.62,4.38,4.39
2025-06-27,18248.9473,12918.5787,4573.6575,3369328.0,4.33,3.02,16.32,4.29,4.39
2025-07-04,18272.3152,12947.713,4599.89,3225980.0,4.33,2.8,17.48,4.35,4.42
2025-07-11,18241.0717,12958.5261,4599.89,3330249.0,4.33,2.97,16.4,4.43,4.41
2025-07-18,18265.8544,12971.5021,4599.89,3398822.0,4.33,2.93,16.41,4.44,4.4
2025-07-25,18295.8478,12987.979,4599.89,3362277.0,4.33,2.84,14.93,4.4,4.42
2025-08-01,18289.2347,13001.4037,4633.8479,3347414.0,4.33,3.13,20.38,4.23,4.35
2025-08-08,18301.4672,13014.6621,4633.8479,3332492.0,4.33,2.94,15.15,4.27,4.32
2025-08-15,18336.7859,13030.199,4633.8479,3320050.0,4.33,2.88,15.09,4.33,4.3
2025-08-22,18328.9796,13040.3498,4633.8479,3317292.0,4.33,2.88,14.22,4.26,4.27
2025-08-29,18357.7782,13063.6724,4633.8479,3224967.0,4.33,2.82,15.36,4.23,4.23
2025-09-05,18372.7954,13070.2233,4653.548,3181701.0,4.33,2.83,15.18,4.1,4.07
2025-09-12,18387.0069,13080.2443,4653.548,3160774.0,4.33,2.79,14.76,4.06,4.08
2025-09-19,18377.1014,13093.7507,4653.548,3073355.0,4.08,2.72,15.45,4.14,4.03
2025-09-26,18414.598,13106.3303,4653.548,3002218.0,4.09,2.75,15.29,4.2,4.02
2025-10-03,18496.4099,13135.565,4673.14,2966094.0,4.09,2.8,16.65,4.13,4.03
2025-10-10,18442.8344,13142.0228,4673.14,2998471.0,4.1,3.18,21.66,4.05,4.02
2025-10-17,18504.2986,13167.998,4673.14,3019028.0,4.11,3.04,20.78,4.02,4.0
2025-10-24,18496.0461,13181.843,4673.14,2933037.0,4.11,2.88,16.37,4.02,3.93
2025-10-31,18454.7428,13179.2801,4673.14,2848021.0,3.86,2.94,17.44,4.11,3.89
2025-11-07,18436.7506,13201.2318,4674.8724,2862569.0,3.87,3.15,19.08,4.11,3.92
2025-11-14,18524.5808,13230.9709,4674.8724,2855030.0,3.88,3.07,19.83,4.14,3.95
2025-11-21,18476.323,13246.1934,4674.8724,2888643.0,3.88,3.19,23.43,4.06,3.9
2025-11-28,18554.0707,13272.1441,4674.8724,2896586.0,3.89,2.95,16.35,4.02,3.88
2025-12-05,18525.6189,13270.565,4655.0765,2858284.0,3.89,2.85,15.41,4.14,3.71
2025-12-12,18564.0498,13301.1737,4655.0765,2932112.0,3.64,2.91,15.74,4.19,3.63
2025-12-19,18580.8992,13313.1764,4655.0765,2959044.0,3.64,2.9,14.91,4.16,3.62
2025-12-26,18643.9309,13333.7662,4655.0765,2955581.0,3.64,2.86,13.6,4.14,3.64
2026-01-02,18587.7375,13333.8096,4679.7313,2957410.0,3.64,2.83,14.51,4.19,3.65
2026-01-09,18645.849,13369.8734,4679.7313,2996379.0,3.64,2.74,14.49,4.18,3.62
2026-01-16,18649.2599,13395.0085,4679.7313,3049630.0,3.64,2.65,15.86,4.24,3.67
2026-01-23,18651.0656,13436.8043,4679.7313,2954903.0,3.64,2.68,16.09,4.24,3.7
2026-01-30,18683.2769,13441.2913,4679.7313,2901600.0,3.64,2.8,17.44,4.26,3.67
2026-02-06,18756.7086,13485.1626,4717.5822,2925170.0,3.64,2.87,17.76,4.22,3.68
2026-02-13,18797.4966,13519.4754,4717.5822,2939557.0,3.64,2.95,20.6,4.04,3.68
2026-02-20,18825.838,13538.93,4717.5822,2949804.0,3.64,2.86,19.09,4.08,3.69
2026-02-27,18845.079,13547.5903,4717.5822,2965765.0,3.64,3.1,19.86,3.97,3.67
2026-03-06,18862.6198,13575.3536,4745.7251,3015531.0,3.64,3.13,29.49,4.15,3.69
2026-03-13,18903.4761,13595.6264,4745.7251,3037665.0,3.64,3.28,27.19,4.28,3.72
2026-03-20,18923.0762,13606.2713,4745.7251,3019995.0,3.64,3.24,26.78,4.39,3.74
2026-03-27,18986.0771,13635.7642,4745.7251,2993955.0,3.64,3.42,31.05,4.44,3.73
2026-04-03,19061.2985,13690.3637,4736.1513,3026708.0,3.64,3.13,23.87,4.35,3.71
2026-04-10,19041.157,13708.1128,4736.1513,3116247.0,3.64,2.94,19.23,4.31,3.69
2026-04-17,19086.2929,13720.2749,4736.1513,3129588.0,3.64,2.83,17.48,4.26,3.7
2026-04-24,19075.2667,13730.4986,4736.1513,2901825.0,3.64,2.86,18.71,4.31,3.69
2026-05-01,19115.9538,13741.956,4740.7549,2918599.0,3.64,2.77,16.99,4.39,3.68
2026-05-08,19202.8614,13755.1431,4740.7549,3032588.0,3.63,2.81,17.19,4.38,3.69
2026-05-15,19267.7808,13779.7617,4740.7549,3102810.0,3.63,2.8,18.43,4.59,3.69
2026-05-22,19275.0324,13808.1607,4740.7549,3129562.0,3.62,2.74,16.7,4.56,3.68
2026-05-29,19320.2918,13818.9035,4740.7549,3066560.0,3.62,2.72,15.32,4.45,3.69
2026-06-05,19284.8526,13814.1809,4762.97,3013902.0,3.62,2.76,21.51,4.55,3.78
2026-06-12,19343.322,13856.7599,4762.97,3080723.0,3.62,2.71,17.68,4.48,3.78
2026-06-19,19310.8362,13862.7074,4762.97,3033444.0,3.63,2.66,16.78,4.46,3.83
2026-06-26,19384.4312,13874.9678,4762.97,2951416.0,3.63,2.83,18.41,4.38,3.83
2026-07-03,19435.0316,13862.2668,4819.1673,2966897.0,3.63,2.74,15.81,4.49,3.82
2026-07-10,19364.5536,13865.8333,4819.1673,3098911.0,3.62,2.69,15.03,4.56,3.85
2026-07-17,19469.8945,13908.0407,4819.1673,3142721.0,3.63,2.73,18.77,4.55,3.85
2026-07-24,19404.8551,13902.6069,4819.1673,3062149.0,3.63,2.79,18.58,4.69,3.96
2026-07-31,19367.4522,13924.842,4819.1673,2984570.0,3.63,2.85,15.99,4.75,3.83
2026-08-07,19496.5496,13953.1594,4807.6481,2993349.0,3.63,2.7,14.9,4.65,3.87
2026-08-14,19534.8128,13980.908,4807.6481,2944059.0,3.63,2.67,14.25,4.68,3.86
2026-08-21,19534.8557,14016.8511,4807.6481,2935287.0,3.63,2.7,15.13,4.74,3.88
2026-08-28,19559.2345,14035.3527,4807.6481,2924936.0,3.63,2.6,14.43,4.73,3.9
2026-09-04,19566.0615,14028.7505,4807.6481,2894531.0,3.63,2.68,14.53,4.78,3.91
2026-09-11,19657.5381,14062.4016,,2991310.0,3.63,2.65,15.84,4.96,4.07
2026-09-18,19568.4004,14079.012,,3013794.0,3.88,2.68,14.81,5.01,4.14
2026-09-25,19568.4004,14079.012,,2930193.0,3.88,2.93,14.87,5.17,4.24
